timestamp,label,LOF_score,IsoForest_score,KNN_score,Incremental_score,GRU_score,LSTM_score,CNN_score,Transformer_score,VAE_score,ENS_score
2014-12-20 04:00:00,0,0.03803146,0.27789660815474626,0.1604809352278,0.15220614,0.08147779,0.07844387,0.01413731,0.07574403,0.38923657,0.14085052369702755
2014-12-20 04:30:00,0,0.03935349,0.4009857820579956,0.16255871192773902,0.33271414,0.08333378,0.08004645,0.018966308,0.07546868,0.37512904,0.17428404370916797
2014-12-20 05:00:00,0,0.040685177,0.3215994268129183,0.162921404867504,0.41692263,0.08473543,0.08121877,0.020231936,0.075865455,0.37028533,0.1749406181249492
2014-12-20 05:30:00,0,0.04151225,0.5138283714322274,0.1631380804609105,0.44479206,0.08686471,0.08304297,0.01702601,0.07519,0.3777756,0.20035222967905986
2014-12-20 06:00:00,0,0.039834023,0.4213354263453706,0.16322932818308478,0.44127622,0.09036568,0.08527259,0.012612673,0.0750733,0.39248273,0.1912757742708648
2014-12-20 06:30:00,0,0.040324807,0.36525404726183197,0.16190085039374896,0.3958705,0.09490026,0.08851472,0.015944222,0.07626802,0.41710165,0.18400878700730253
2014-12-20 07:00:00,0,0.037695527,0.31203285537365666,0.16249238258929605,0.40899056,0.09985853,0.08983468,0.015701083,0.08040583,0.4477626,0.18386378476027554
2014-12-20 07:30:00,0,0.032985926,0.40148795169665874,0.16322519077022402,0.3435189,0.09267837,0.082724415,0.021027913,0.083416,0.4669513,0.18755733197235838
2014-12-20 08:00:00,0,0.02865541,0.46930680309509576,0.1628505385529645,0.29172468,0.081552796,0.07213834,0.019114783,0.084085084,0.47429588,0.1870804800627318
2014-12-20 08:30:00,0,0.028695345,0.5175883390120557,0.17040720183529368,0.17334402,0.0726728,0.063877895,0.02159179,0.08253534,0.476105,0.17853530361144282
2014-12-20 09:00:00,0,0.03102374,0.5962501603122732,0.16546801102350406,0.116876304,0.06433401,0.055833813,0.01487658,0.08042215,0.47166458,0.17741659414685662
2014-12-20 09:30:00,0,0.027369976,0.5918126897525102,0.16585319734800713,0.036705576,0.059724428,0.05289021,0.01540075,0.08183948,0.46561825,0.16635717333583033
2014-12-20 10:00:00,0,0.020228267,0.5710179665840798,0.16611677098572264,0.077223405,0.059035383,0.051993564,0.008987465,0.08760831,0.4651306,0.16748241403988262
2014-12-20 10:30:00,0,0.019016862,0.6781336092110539,0.16642528720158867,0.19500382,0.059808973,0.053618126,0.016302614,0.09017399,0.47207367,0.19450632854360028
2014-12-20 11:00:00,0,0.020652771,0.8037592304005763,0.1640261106730615,0.23329209,0.062112477,0.05599384,0.01878513,0.0874501,0.4689511,0.21278031722589397
2014-12-20 11:30:00,0,0.020035267,0.7071050333518496,0.15912262461106358,0.30686733,0.06490558,0.05936177,0.027675327,0.082973026,0.47453716,0.21139812443202013
2014-12-20 12:00:00,0,0.020191193,0.5901511178416374,0.1735850829190106,0.3503865,0.071510665,0.06618401,0.02586998,0.08089279,0.4847761,0.20706082686570457
2014-12-20 12:30:00,0,0.023526907,0.8066810915515887,0.18887008910107322,0.3592618,0.08009275,0.07433673,0.02336115,0.0795077,0.49840742,0.23711618373370655
2014-12-20 13:00:00,0,0.025804758,0.6502748932924884,0.20028267018255796,0.35896167,0.08795352,0.08186226,0.020728843,0.081204385,0.51310945,0.22446471697161308
2014-12-20 13:30:00,0,0.034570456,0.7328772355763231,0.20273353214900247,0.33833835,0.09315857,0.087002456,0.015902573,0.086655445,0.5234391,0.23496419173680158
2014-12-20 14:00:00,0,0.035856724,0.7189123319786734,0.20823545161856427,0.33615166,0.09679213,0.08995287,0.018255113,0.09117023,0.5320565,0.23637589132177902
2014-12-20 14:30:00,0,0.034855008,0.603001531199201,0.20875232072817934,0.3230316,0.09920309,0.08959957,0.018878892,0.09040752,0.5383766,0.2229006850892814
2014-12-20 15:00:00,0,0.034284234,0.6667376442568909,0.21536855209270422,0.3160857,0.1047918,0.09197943,0.019462803,0.08706484,0.5439841,0.2310843457602499
2014-12-20 15:30:00,0,0.035043478,0.5809130108808311,0.2153808004551206,0.29160348,0.10926518,0.097120665,0.018260812,0.084647685,0.55984324,0.22134203871751168
2014-12-20 16:00:00,0,0.036022305,0.6338391318474041,0.21819669197767189,0.15817332,0.10691284,0.09877156,0.015957383,0.08695145,0.55670214,0.2123918683979329
2014-12-20 16:30:00,0,0.03753972,0.6666314728099678,0.22518081612794244,0.042365212,0.09852075,0.09270463,0.02415158,0.09111433,0.55695754,0.20390733908756398
2014-12-20 17:00:00,0,0.039013743,0.6293052380975066,0.22580147961359592,0.13283359,0.09602897,0.091351904,0.0142689245,0.09507347,0.5578781,0.20906170993523593
2014-12-20 17:30:00,0,0.03369701,0.6484240685830489,0.22706910042364398,0.2802842,0.09630201,0.091826774,0.017388046,0.098613456,0.5632129,0.22853528130683495
2014-12-20 18:00:00,0,0.034734607,0.6325510308397995,0.229784000036723,0.35115826,0.09539234,0.0909531,0.016397197,0.09800957,0.56467277,0.2348503189940061
2014-12-20 18:30:00,0,0.033753872,0.6785480622696802,0.23008579364717985,0.43300855,0.09473029,0.089024186,0.018700669,0.09382295,0.5607623,0.2480485174184378
2014-12-20 19:00:00,0,0.03447628,0.7318329686764677,0.2298038235288718,0.48506,0.09452982,0.087116465,0.019540658,0.0863446,0.55873096,0.2586039537862016
2014-12-20 19:30:00,0,0.033297062,0.6579290374895468,0.23348966364617668,0.46649474,0.09289031,0.084841065,0.015555626,0.0812734,0.54445666,0.24558084003887892
2014-12-20 20:00:00,0,0.031321406,0.47800136205246346,0.24583768854958687,0.38014242,0.09074639,0.081954,0.019208627,0.08168301,0.53097,0.2155405424199868
2014-12-20 20:30:00,0,0.028933883,0.5388201357227409,0.2510872847564127,0.35634622,0.091376,0.08161227,0.020368973,0.085282974,0.50661665,0.21782715416372872
2014-12-20 21:00:00,0,0.02683258,0.4167561556040642,0.25205672459687284,0.34948608,0.09208398,0.08161182,0.013627632,0.09241278,0.49253651,0.2019338077867246
2014-12-20 21:30:00,0,0.025383472,0.3727494737872963,0.25251814095806197,0.3791134,0.0917115,0.08159244,0.012402379,0.103588134,0.47960094,0.1998510979679734
2014-12-20 22:00:00,0,0.02551496,0.4451932307063462,0.2556499065521943,0.40170908,0.09012954,0.08028408,0.016466735,0.11569256,0.46397313,0.21051258123354236
2014-12-20 22:30:00,0,0.024628878,0.4507527335862296,0.2700140317954267,0.43913984,0.08909079,0.0787935,0.024393111,0.12699498,0.4453033,0.21656790679315308
2014-12-20 23:00:00,0,0.024571538,0.297043975847437,0.2829461076712184,0.46405077,0.091031216,0.07902711,0.0527505,0.13706653,0.4450139,0.20816685074932392
2014-12-20 23:30:00,0,0.023417115,0.3543704717039873,0.2890449930280726,0.49273485,0.09566434,0.077717036,0.026423916,0.14945713,0.4443006,0.21701449307832554
2014-12-21 00:00:00,0,0.024557352,0.4953745513596246,0.29200502008303325,0.47841427,0.09194309,0.07555577,0.040546436,0.1588257,0.4362844,0.23261184216592648
2014-12-21 00:30:00,0,0.027403593,0.44739017201265696,0.29568610226761355,0.43120778,0.093778186,0.0737463,0.026387682,0.15344235,0.43996105,0.22100035681873786
2014-12-21 01:00:00,0,0.022831678,0.5887524702704692,0.30116036901517174,0.3689089,0.09615323,0.071754105,0.021973884,0.14031252,0.4355765,0.2274915188194545
2014-12-21 01:30:00,0,0.025157213,0.6449560131296135,0.30523694146834435,0.2853436,0.096837886,0.070488125,0.024460856,0.12862094,0.4355979,0.22407771732057555
2014-12-21 02:00:00,0,0.027245164,0.7000597218029796,0.3086596811633787,0.23020501,0.09746627,0.06864269,0.016500242,0.12173279,0.43453243,0.22278266686173037
2014-12-21 02:30:00,0,0.027405024,0.6041338042049791,0.3117114604581477,0.12807436,0.098004036,0.06839248,0.016057095,0.1261937,0.43591574,0.20176529997971618
2014-12-21 03:00:00,0,0.027430296,0.6771748699001368,0.31597951760782106,0.033618502,0.0988657,0.06713125,0.014657851,0.14189832,0.43647015,0.20146960677748726
2014-12-21 03:30:00,0,0.02737093,0.45390066932825057,0.319538698020692,0.06010846,0.09958718,0.065217495,0.015411311,0.15539148,0.43496856,0.18127719872224038
2014-12-21 04:00:00,0,0.027566195,0.4042713310041357,0.32054287960830663,0.1340267,0.10142252,0.06388924,0.013076756,0.15737334,0.42945397,0.18351365962832794
2014-12-21 04:30:00,0,0.03018105,0.6553599216773662,0.3217992721390379,0.32842657,0.101976044,0.06471866,0.010459355,0.15050921,0.4303879,0.2326464444095471
2014-12-21 05:00:00,0,0.030318141,0.61685508582568,0.3216554882959284,0.4192808,0.10096743,0.06387817,0.01208703,0.14389797,0.43128285,0.23780255078654974
2014-12-21 05:30:00,0,0.030540824,0.7970290420174013,0.3212912670728192,0.45864102,0.09920839,0.06248668,0.013206897,0.14093159,0.4346418,0.2619975025557372
2014-12-21 06:00:00,0,0.030345082,0.800631784801098,0.3213315879748325,0.44582108,0.09813452,0.06181533,0.008300677,0.14329016,0.43661347,0.26069818751116797
2014-12-21 06:30:00,0,0.030278444,0.6452905790580417,0.32145621856089845,0.44775048,0.09968014,0.062561594,0.009279052,0.14469115,0.42677003,0.24308418811832036
2014-12-21 07:00:00,0,0.030272841,0.5382111612652984,0.3206668436418779,0.44805065,0.100155115,0.062177494,0.011502427,0.14612132,0.44787908,0.23389299219914117
2014-12-21 07:30:00,0,0.029926062,0.5442496669990433,0.3185578825964964,0.39921483,0.10091596,0.06222718,0.01568559,0.14610334,0.4533407,0.23002458012597485
2014-12-21 08:00:00,0,0.02959013,0.5708479575620764,0.3157577029315065,0.35916865,0.10043988,0.062293857,0.013909907,0.14864409,0.46244487,0.22923300457363993
2014-12-21 08:30:00,0,0.02824092,0.4955455231996506,0.3133346815001995,0.28122008,0.10119719,0.06319178,0.01642291,0.15373701,0.47133294,0.21380255872093043
2014-12-21 09:00:00,0,0.028678298,0.5102589912692803,0.31316656296711787,0.2201646,0.10272846,0.06464278,0.012243014,0.15525013,0.47909424,0.2095807861675406
2014-12-21 09:30:00,0,0.029489875,0.4512389323290602,0.3117847665021223,0.07395741,0.102849066,0.06715123,0.018443285,0.15110828,0.47970435,0.1873030223923239
2014-12-21 10:00:00,0,0.03196907,0.5009842786504777,0.31071512651344035,0.018261472,0.10373427,0.07312233,0.010063257,0.14737338,0.4849628,0.18679844151772768
2014-12-21 10:30:00,0,0.033138394,0.6729585287949682,0.30984442114223565,0.16168915,0.10377851,0.07845216,0.030343236,0.14290819,0.4807635,0.22376400916300654
2014-12-21 11:00:00,0,0.032869816,0.5514909001635786,0.307116593725109,0.17335144,0.103717335,0.07882231,0.023300087,0.13421956,0.481016,0.20954489362199566
2014-12-21 11:30:00,0,0.031585813,0.44851156009041127,0.3033707712485026,0.2261318,0.101775765,0.0745321,0.030915704,0.12704578,0.477345,0.20235714211700045
2014-12-21 12:00:00,0,0.030402899,0.5940913972640232,0.29273939889732586,0.24662654,0.09755066,0.06763574,0.034443133,0.12405831,0.46622562,0.21708596711457387
2014-12-21 12:30:00,0,0.029916883,0.5563640721079128,0.2835764306441293,0.29426178,0.09556657,0.064416945,0.037275195,0.12294603,0.4610619,0.21615397841943373
2014-12-21 13:00:00,0,0.030165315,0.5506412941011796,0.27615338167610254,0.271709,0.09150865,0.060638346,0.024104247,0.121002495,0.45272115,0.20873820794566095
2014-12-21 13:30:00,0,0.028337121,0.5772989533971966,0.2748182843944507,0.25768855,0.08789571,0.05840682,0.025762329,0.118726745,0.4529285,0.20909589147901422
2014-12-21 14:00:00,0,0.028389812,0.7786072523857328,0.2695138670068942,0.26574925,0.08484132,0.056369524,0.025246326,0.11467042,0.4426355,0.22955814112697637
2014-12-21 14:30:00,0,0.028615117,0.5779094780937708,0.26726872670901936,0.24529739,0.08199914,0.05339578,0.018206919,0.11051857,0.44125202,0.20271812640440892
2014-12-21 15:00:00,0,0.027194858,0.5149541606477399,0.25975928001680465,0.22716083,0.0796809,0.04902875,0.022620907,0.10862589,0.43645346,0.1917198922129621
2014-12-21 15:30:00,0,0.026944876,0.5149336488781433,0.25416397322838674,0.20675184,0.07933773,0.04643492,0.020523855,0.11028169,0.42675152,0.18734711756254321
2014-12-21 16:00:00,0,0.0267725,0.4402213628519469,0.25665404026587274,0.13437712,0.07995214,0.04898417,0.019148191,0.11625016,0.4248637,0.17191370912356332
2014-12-21 16:30:00,0,0.027426243,0.5869002126973157,0.2557112551599794,0.05479925,0.07520317,0.045495633,0.021664822,0.12092554,0.4273876,0.17950152485946083
2014-12-21 17:00:00,0,0.025068045,0.597271610451056,0.25491710389518196,0.1151258,0.073372744,0.043778285,0.015788479,0.12559201,0.42152867,0.18582697114745203
2014-12-21 17:30:00,0,0.025165558,0.32555823563567543,0.25333302531979374,0.19886266,0.072772175,0.044732194,0.015664386,0.12934475,0.42296186,0.1653772042480593
2014-12-21 18:00:00,0,0.025626898,0.2951618680606547,0.2508203360062033,0.2279326,0.07110432,0.045338795,0.013776669,0.13003027,0.41945124,0.16436033299257857
2014-12-21 18:30:00,0,0.025486588,0.32950317734173673,0.24839503503901667,0.21819973,0.06661249,0.045311674,0.016122766,0.12642497,0.40113223,0.16413207276083214
2014-12-21 19:00:00,0,0.023506641,0.4280027187402897,0.2467285543717982,0.20263575,0.060671218,0.044427715,0.016066747,0.1216903,0.3715796,0.16836769277656405
2014-12-21 19:30:00,0,0.02317965,0.32442352588454604,0.24602714596902497,0.15508625,0.0586515,0.044620443,0.015442192,0.12052781,0.3419542,0.14776807981005963
2014-12-21 20:00:00,0,0.01828885,0.27270216084075827,0.24328059247766892,0.087213516,0.0631496,0.044831783,0.020168636,0.12201423,0.32215664,0.13264511222440645
2014-12-21 20:30:00,0,0.017332435,0.48242416767675067,0.2399482166782964,0.100505084,0.06607498,0.04209866,0.019422352,0.12606335,0.3112343,0.15612261551790532
2014-12-21 21:00:00,0,0.017879248,0.5636929508841604,0.24216678694164517,0.06907696,0.0694312,0.038971953,0.017567554,0.12788771,0.29526976,0.16021601387829854
2014-12-21 21:30:00,0,0.018519282,0.3875036563908054,0.2411102386331767,0.08284017,0.07119963,0.03758921,0.0149069475,0.1286415,0.27745023,0.13997343009076962
2014-12-21 22:00:00,0,0.022087455,0.23591648814760013,0.23957176182321288,0.050340146,0.07324213,0.038709592,0.020746136,0.12864035,0.26132697,0.11895344766624984
2014-12-21 22:30:00,0,0.019308448,0.3515208706637978,0.23400141208593606,0.030824143,0.076942705,0.04285146,0.020307474,0.12968498,0.23102959,0.12627456460068862
2014-12-21 23:00:00,0,0.018121481,0.2724536347949087,0.22665102838766243,0.10092642,0.08151035,0.048663385,0.059797663,0.1296055,0.21041147,0.12757121558534598
2014-12-21 23:30:00,0,0.021143794,0.31401960968957177,0.22902728618994245,0.17064282,0.0853495,0.052232075,0.02311281,0.12438581,0.18444149,0.1338172445797266
2014-12-22 00:00:00,0,0.022518158,0.35864955711696744,0.2312984772742674,0.25227875,0.0808619,0.055243373,0.048458036,0.12644802,0.1688026,0.1493954296857594
2014-12-22 00:30:00,0,0.024894476,0.2967695677137474,0.229552273614334,0.32413894,0.07738019,0.05283185,0.02718184,0.11559249,0.1631416,0.14572035727387633
2014-12-22 01:00:00,0,0.026395798,0.43255368919051307,0.22753568348731956,0.3951845,0.07466144,0.048207585,0.018853411,0.10215961,0.17540608,0.16677308776127298
2014-12-22 01:30:00,0,0.026470423,0.3293096250070313,0.2243782390503944,0.4412333,0.07337907,0.044708915,0.018933073,0.09435766,0.19983962,0.16140110387980983
2014-12-22 02:00:00,0,0.029851437,0.35133499627868403,0.2222221737345177,0.46918848,0.07135268,0.04195627,0.018200241,0.08738986,0.22985053,0.16903851863185704
2014-12-22 02:30:00,0,0.02814281,0.387636176581859,0.21929643178301345,0.5010454,0.06997544,0.0409399,0.017815247,0.08240361,0.27211887,0.17993043217712557
2014-12-22 03:00:00,0,0.028885484,0.3255644386580645,0.21773517618600025,0.5158376,0.06839962,0.04014999,0.015474875,0.07988401,0.31342295,0.17837268366800865
2014-12-22 03:30:00,0,0.021593213,0.24222014497490107,0.2162029598138318,0.52702826,0.06650026,0.03938585,0.02731589,0.07513707,0.36262074,0.17533382180453144
2014-12-22 04:00:00,0,0.023738027,0.13805439623169313,0.21374726810375866,0.5064049,0.065584175,0.039178044,0.016004374,0.06918325,0.40036884,0.1635848058956555
2014-12-22 04:30:00,0,0.02323842,0.2512047088160294,0.21238615133784572,0.51167864,0.06670985,0.040848717,0.011882299,0.06809054,0.42148566,0.17861388797264866
2014-12-22 05:00:00,0,0.024334073,0.3482354370669096,0.21246170009159515,0.5069194,0.067269266,0.042536087,0.015796086,0.072972685,0.43798736,0.19205689727889075
2014-12-22 05:30:00,0,0.018122554,0.45197886203853876,0.21337044867023874,0.44457766,0.06719804,0.042981043,0.013331225,0.08284772,0.43379587,0.1964670473996949
2014-12-22 06:00:00,0,0.020729303,0.4577551787418557,0.22012061473617678,0.38425115,0.06821991,0.043007076,0.010048456,0.09092971,0.42589542,0.19121742392730276
2014-12-22 06:30:00,0,0.020145416,0.5452785751032749,0.23368433380073206,0.22436646,0.06913239,0.040762994,0.016201299,0.098771535,0.4027717,0.18345718982266618
2014-12-22 07:00:00,0,0.024730206,0.47378277299722527,0.25567602914954846,0.14543173,0.0694089,0.039294552,0.016661894,0.10505933,0.37394583,0.16711013854687534
2014-12-22 07:30:00,0,0.023004055,0.3872314469240994,0.28278652911181185,0.043772697,0.070066385,0.03920003,0.018001283,0.1088773,0.34534618,0.14647621223719456
2014-12-22 08:00:00,0,0.024604201,0.3808998420842542,0.30117514733097955,0.012609255,0.068910085,0.039989926,0.015013654,0.11173241,0.32280195,0.1419707184077441
2014-12-22 08:30:00,0,0.02463901,0.22883027256209942,0.3030576167847522,0.092958905,0.06683146,0.039726354,0.013836316,0.112766966,0.30623165,0.13209761673696324
2014-12-22 09:00:00,0,0.021558166,0.2748150237496976,0.30301905248793215,0.088628426,0.0622745,0.03919591,0.011865376,0.112704925,0.29675886,0.1345355822175687
2014-12-22 09:30:00,0,0.022130609,0.260870819152327,0.3017719254051381,0.099004425,0.06080135,0.038959824,0.0143554695,0.11120717,0.29426977,0.13370792927856853
2014-12-22 10:00:00,0,0.022917867,0.36337426495668623,0.29945716903897757,0.05535664,0.060397264,0.03933694,0.010304226,0.11277642,0.29747382,0.1401549564201633
2014-12-22 10:30:00,0,0.019251704,0.3922648391599459,0.288690125635552,0.07529399,0.05731875,0.034971837,0.010426109,0.11172045,0.29190552,0.1424270362242822
2014-12-22 11:00:00,0,0.018092632,0.3795720165138423,0.2831487764557102,0.08597012,0.05487735,0.03344485,0.013054295,0.10956288,0.28829366,0.1406685089119041
2014-12-22 11:30:00,0,0.01933837,0.3814387722628343,0.27987716004644797,0.13870761,0.05041345,0.03229517,0.018420182,0.10654528,0.28462917,0.14574057271476726
2014-12-22 12:00:00,0,0.02139759,0.2458429469726262,0.2732381867209784,0.1456964,0.04566114,0.03135147,0.019171938,0.10308722,0.28256026,0.12977857218187705
2014-12-22 12:30:00,0,0.019965172,0.40266831745445764,0.26375902216778485,0.14882635,0.038194828,0.02718232,0.018757593,0.09735371,0.27640796,0.14367947408820336
2014-12-22 13:00:00,0,0.019353628,0.25990201133829416,0.2559637607119336,0.12464427,0.032570735,0.024364075,0.014978701,0.09261417,0.26624522,0.12118184059655292
2014-12-22 13:30:00,0,0.022870898,0.193865768190582,0.2493550694923417,0.16687717,0.028678052,0.023760017,0.020538175,0.09117465,0.26285613,0.1177751021137327
2014-12-22 14:00:00,0,0.022869706,0.2815560684302607,0.24548502519943133,0.17095038,0.024797188,0.021853426,0.012516893,0.090339616,0.26424018,0.12606760913267115
2014-12-22 14:30:00,0,0.021979928,0.2925284545928548,0.2405010391139098,0.18402755,0.023094997,0.020446215,0.013394302,0.08976884,0.25416017,0.12665572170773498
2014-12-22 15:00:00,0,0.0242244,0.299820214602029,0.23605040550245782,0.17390881,0.022538636,0.018717472,0.012405675,0.09003521,0.24971849,0.12526881250439034
2014-12-22 15:30:00,0,0.024771333,0.337993701579542,0.2262927729935113,0.06877683,0.021802269,0.016991714,0.028981019,0.08813339,0.24824935,0.11799915325999673
2014-12-22 16:00:00,0,0.023333311,0.31850599043041683,0.2250900876538442,0.016203424,0.02516496,0.018732606,0.031867184,0.082977474,0.24821688,0.1100102131566903
2014-12-22 16:30:00,0,0.026848912,0.4145635175444209,0.23168286631360407,0.060622975,0.030484062,0.021428073,0.028892985,0.07734692,0.24337244,0.12613808352884318
2014-12-22 17:00:00,0,0.027690053,0.43234464352919844,0.2382856837694996,0.04549516,0.032281153,0.022415614,0.01812958,0.07606354,0.24405512,0.1263067280318403
2014-12-22 17:30:00,0,0.028562307,0.3157962421862681,0.245101135153813,0.14668256,0.032565966,0.023080526,0.023687566,0.077106595,0.24467358,0.1263618308866557
2014-12-22 18:00:00,0,0.030170083,0.33251485574617234,0.2479746650541031,0.23715092,0.033545174,0.023792133,0.017700389,0.078533165,0.23724464,0.13762511363428642
2014-12-22 18:30:00,0,0.031613708,0.2699131707003435,0.2515802132153757,0.2566595,0.035998166,0.025714425,0.016346449,0.07676197,0.24387279,0.13427337768690417
2014-12-22 19:00:00,0,0.032028437,0.31986831037980856,0.25436519842957506,0.27561072,0.039549157,0.027538724,0.01358302,0.075098515,0.24881592,0.14293977785347523
2014-12-22 19:30:00,0,0.03362477,0.3008566434274673,0.2581670149983462,0.23693655,0.042490162,0.0303903,0.017169703,0.08069949,0.24848755,0.13875802012960178
2014-12-22 20:00:00,0,0.03434241,0.20032294454569666,0.264829380265508,0.19761924,0.04170239,0.032634083,0.015484807,0.088382296,0.25120848,0.12516955976277416
2014-12-22 20:30:00,0,0.036187172,0.15737663195765172,0.2671896868405463,0.2241595,0.040701922,0.033867233,0.019000614,0.09719624,0.2580594,0.12597093436818804
2014-12-22 21:00:00,0,0.03514886,0.2592296499675655,0.2685816915017589,0.22724658,0.037256274,0.034487434,0.015277651,0.10396177,0.26377577,0.13832952015072514
2014-12-22 21:30:00,0,0.035347223,0.3184002051790511,0.2720873414888682,0.2567024,0.03707467,0.036232654,0.017375786,0.10970898,0.26370463,0.14962598675328997
2014-12-22 22:00:00,0,0.03523779,0.4701955152755488,0.27460327518228095,0.20473666,0.037039347,0.037980292,0.02001116,0.11990141,0.2689442,0.1631832954555733
2014-12-22 22:30:00,0,0.03338301,0.5694317809533622,0.2744795726140529,0.13369112,0.034183394,0.038438186,0.024781743,0.13848852,0.2658091,0.16807626788750551
2014-12-22 23:00:00,0,0.03395188,0.5517844192029813,0.2733825266382687,0.0008612265,0.029493049,0.03838763,0.03841521,0.1597217,0.2608892,0.15409853810957663
2014-12-22 23:30:00,0,0.032949686,0.39853649977988326,0.27082491684219046,0.086005576,0.026527708,0.039423633,0.015507258,0.175023,0.2587568,0.14483945210350566
2014-12-23 00:00:00,0,0.035124898,0.5530810377998758,0.26801628558617663,0.18414876,0.022727748,0.03555717,0.040994268,0.15808329,0.24979286,0.17194736828552123
2014-12-23 00:30:00,0,0.03652227,0.4691926750109854,0.2686382085246102,0.25493705,0.02069978,0.03337261,0.015562738,0.13705878,0.24160215,0.16417625191425303
2014-12-23 01:00:00,0,0.037413955,0.592879298101213,0.27121458122102243,0.30137178,0.019538848,0.03245248,0.017967748,0.122440144,0.22778799,0.18034075801681862
2014-12-23 01:30:00,0,0.03627658,0.5619090477099604,0.27424247142168606,0.36675772,0.018636892,0.032150384,0.0150172515,0.11657066,0.2180795,0.18218227913528526
2014-12-23 02:00:00,0,0.036172986,0.6637844977232756,0.27545128830778226,0.42777026,0.017853526,0.032159086,0.016956916,0.11448785,0.21126342,0.1995444250250713
2014-12-23 02:30:00,0,0.036120057,0.6366390368084787,0.2757556486977353,0.47737783,0.01666732,0.031619713,0.01696345,0.11524477,0.2054794,0.2013185804320032
2014-12-23 03:00:00,0,0.036115527,0.6183476670692141,0.27648739812815376,0.4945711,0.015732484,0.030722948,0.019262481,0.117703475,0.20091817,0.20109569313254835
2014-12-23 03:30:00,0,0.03613615,0.5766442591114487,0.2773866658261476,0.50353223,0.014936189,0.029460153,0.016389953,0.115161344,0.1967751,0.19626911544291736
2014-12-23 04:00:00,0,0.036289454,0.5668564475482434,0.27821568404685537,0.49551436,0.015209217,0.028811831,0.017726077,0.11428079,0.19443297,0.19414853739143345
2014-12-23 04:30:00,0,0.036217332,0.7419770436042281,0.2787397342468829,0.5079913,0.015909757,0.028369894,0.019681977,0.11652116,0.19282179,0.21535888840312498
2014-12-23 05:00:00,0,0.036148906,0.7846951537494604,0.27905485154201276,0.4983442,0.016383959,0.02786464,0.021222893,0.120995276,0.1905134,0.2194692549359546
2014-12-23 05:30:00,0,0.035354614,0.9092734607226642,0.27879742602247337,0.4352307,0.01729688,0.027822115,0.023748532,0.1277076,0.18918252,0.2271570945132753
2014-12-23 06:00:00,0,0.03596139,0.6009137191973011,0.27727774157372737,0.36795822,0.018523851,0.027576478,0.023835698,0.13550702,0.18725458,0.18608985457460794
2014-12-23 06:30:00,0,0.03656423,0.7103917353136548,0.28144342215239226,0.22578137,0.018846778,0.027625917,0.02298588,0.14043638,0.1869302,0.1834451004743701
2014-12-23 07:00:00,0,0.037002444,0.6191114644581166,0.29033709583251144,0.15293504,0.02236706,0.032406874,0.0300455,0.14095123,0.18726201,0.16804652515805354
2014-12-23 07:30:00,0,0.036966324,0.5631308379257902,0.2991058811438318,0.031938918,0.024270885,0.037671737,0.03219433,0.14279927,0.18707877,0.15057299570217642
2014-12-23 08:00:00,0,0.038308382,0.5208994553485482,0.3105708307874757,0.022470739,0.027545584,0.04419829,0.028226111,0.14278807,0.18714009,0.14690528350959803
2014-12-23 08:30:00,0,0.038888812,0.4731842988026074,0.3174227326502006,0.10899453,0.026900498,0.045954563,0.027362859,0.13880555,0.18683441,0.1515942505684333
2014-12-23 09:00:00,0,0.03855312,0.35048181173436,0.3206473294890083,0.10466405,0.02801312,0.04771516,0.023689492,0.137355,0.1864322,0.13750569773183235
2014-12-23 09:30:00,0,0.03636253,0.3622944375997257,0.3208382139200028,0.123701006,0.028406572,0.047374524,0.02354285,0.13796872,0.18768962,0.1409087186551704
2014-12-23 10:00:00,0,0.035009027,0.24272473619897816,0.31998150983379714,0.10179137,0.02899481,0.04626576,0.02584313,0.14259456,0.18808892,0.12569931366702594
2014-12-23 10:30:00,0,0.03377211,0.2887970804579929,0.3165292982071879,0.09844703,0.029513778,0.044897035,0.030282544,0.14358161,0.18869214,0.13050140336396648
2014-12-23 11:00:00,0,0.037533045,0.3167714840933904,0.31108325866886644,0.08412644,0.030181902,0.044073537,0.029561605,0.14047545,0.18828957,0.13134403264984038
2014-12-23 11:30:00,1,0.035961866,0.25497574559151026,0.30448100833498304,0.14994113,0.029658828,0.043115526,0.03306775,0.13094576,0.18848659,0.13007046731500907
2014-12-23 12:00:00,1,0.035477996,0.21686724295730286,0.2985736813268388,0.17952557,0.029763242,0.04319081,0.032046642,0.11891926,0.1896591,0.12711372766696538
2014-12-23 12:30:00,1,0.035335302,0.31040991930077233,0.293144254044338,0.18244115,0.03041599,0.04332138,0.027376281,0.112713344,0.1908766,0.13622602416516913
2014-12-23 13:00:00,1,0.035072446,0.24402087713241905,0.29183913689450564,0.17245102,0.031117385,0.044098992,0.027355287,0.11127191,0.19217357,0.12771118048060434
2014-12-23 13:30:00,1,0.034671307,0.1471248393263842,0.2903767059907044,0.22111529,0.03366233,0.044918925,0.03420299,0.11053494,0.19359954,0.12335631864679246
2014-12-23 14:00:00,1,0.03514576,0.06463528424655784,0.2820286220992397,0.18835804,0.035270687,0.044585265,0.030068055,0.11062767,0.19448595,0.10946725920615735
2014-12-23 14:30:00,1,0.034748435,0.24541376434990703,0.27602222918689784,0.21013905,0.038547434,0.044129174,0.03794316,0.10853791,0.19521308,0.13229935976360627
2014-12-23 15:00:00,1,0.034483075,0.28109215181133607,0.26800488422416796,0.17116475,0.04176306,0.04326947,0.027769836,0.10735085,0.19296546,0.12976261549378393
2014-12-23 15:30:00,1,0.035882115,0.29038385232002817,0.2687681162914766,0.08807104,0.043044765,0.04423435,0.033037156,0.10950732,0.19239363,0.12281359428644469
2014-12-23 16:00:00,1,0.03444588,0.14191254945715137,0.26856121987016773,0.018518727,0.042172167,0.043694012,0.05978309,0.11591069,0.19414814,0.10212738582053851
2014-12-23 16:30:00,1,0.033298492,0.20084649049965897,0.27002805885869907,0.094366394,0.044227544,0.041360185,0.052332062,0.12116526,0.1935872,0.11680129848246995
2014-12-23 17:00:00,1,0.033185124,0.2561821174531591,0.27340038361642766,0.0091363,0.047260534,0.039579168,0.033770606,0.12567334,0.19495909,0.11257185121138684
2014-12-23 17:30:00,1,0.03780377,0.17802725878486925,0.2836468900302121,0.10745099,0.049285132,0.03964049,0.030228164,0.12299796,0.19269007,0.11575230362539002
2014-12-23 18:00:00,1,0.038533926,0.2867259044454258,0.29326921606534617,0.21747084,0.048763327,0.04048772,0.028842103,0.1174073,0.19232652,0.14042520591454538
2014-12-23 18:30:00,1,0.039513588,0.23113514964700244,0.3071771026977075,0.25747418,0.049660213,0.043137155,0.03235534,0.11261429,0.19076377,0.14042564354362558
2014-12-23 19:00:00,1,0.040578127,0.3273421151493974,0.3326855805650777,0.24409686,0.05456742,0.04895289,0.037783794,0.112212524,0.18744923,0.15396317114090935
2014-12-23 19:30:00,1,0.044709444,0.14661927791755858,0.36498033249402406,0.20675184,0.065440886,0.058446437,0.035880607,0.11838692,0.18695197,0.13646307823983145
2014-12-23 20:00:00,1,0.05587101,0.10759901844708075,0.38460258102862077,0.18081185,0.079017244,0.06924088,0.037554152,0.12631597,0.18472922,0.13619354731473216
2014-12-23 20:30:00,1,0.08188498,0.19685905282156746,0.4165723462663833,0.13669243,0.09816386,0.08623573,0.039350472,0.12677094,0.17957383,0.15134485038572387
2014-12-23 21:00:00,1,0.11419082,0.23919289106634878,0.4555872878120587,0.12957501,0.11511764,0.10425227,0.042635597,0.121753305,0.1742715,0.16628625746277756
2014-12-23 21:30:00,1,0.14235556,0.3679989355023334,0.4708024716996495,0.1737373,0.12194548,0.115559265,0.053666826,0.112122394,0.16898875,0.19190855375416824
2014-12-23 22:00:00,1,0.19042599,0.3878261936570464,0.493175608158123,0.0960031,0.13493767,0.13292362,0.049933776,0.10902563,0.16401169,0.19536258628263928
2014-12-23 22:30:00,1,0.23047888,0.3338141535930177,0.5150544462265394,0.050383024,0.1478526,0.14772739,0.06427819,0.120494224,0.16123506,0.19681310805870605
2014-12-23 23:00:00,1,0.25840557,0.18493775296569837,0.5280840339449112,0.00081835117,0.15896834,0.15666792,0.08619635,0.14160207,0.16000323,0.1861870681974765
2014-12-23 23:30:00,1,0.2696184,0.157793473969015,0.5339101483444062,0.07224237,0.17053537,0.1627829,0.055446304,0.15385179,0.15782765,0.1926675990524205
2014-12-24 00:00:00,1,0.26892984,0.21987376981292783,0.5356418627734536,0.12365071,0.16605693,0.15879378,0.064278275,0.13455378,0.15395853,0.2028597184967886
2014-12-24 00:30:00,1,0.26607633,0.16604906060902103,0.5350211624616954,0.22355182,0.16280264,0.15590493,0.048010394,0.116811946,0.15032016,0.20272760466486608
2014-12-24 01:00:00,1,0.26120389,0.281203500926237,0.5310872248771664,0.29532626,0.16090883,0.15465458,0.047700502,0.104912974,0.14845227,0.220605558564931
2014-12-24 01:30:00,1,0.25871933,0.26029937866124087,0.5289390882216272,0.34596285,0.1600244,0.15461256,0.049129438,0.0973352,0.14442149,0.2221604141718992
2014-12-24 02:00:00,1,0.2581849,0.2597546141093474,0.5294130770149538,0.38236457,0.15985607,0.15514652,0.04961697,0.09488321,0.13764839,0.22520759247550493
2014-12-24 02:30:00,1,0.25837398,0.29262487534544057,0.5304047598226402,0.4275559,0.15967542,0.15530841,0.045134466,0.09590625,0.12966412,0.23273868544973325
2014-12-24 03:00:00,1,0.2579491,0.30186271627431616,0.53040467880521,0.470046,0.1596687,0.15498406,0.0432959,0.09416795,0.12590803,0.23758746216367715
2014-12-24 03:30:00,1,0.2579118,0.3687769600202362,0.5308625340820765,0.47467667,0.16062236,0.15422358,0.045769554,0.0923696,0.12121417,0.24515857996003643
2014-12-24 04:00:00,1,0.25845098,0.3014711997106758,0.5316101666114431,0.46704468,0.16330458,0.15399063,0.04921069,0.09582083,0.115939766,0.2374270585070803
2014-12-24 04:30:00,1,0.25830352,0.3823833645385797,0.5317795188190315,0.49577162,0.1644167,0.15395832,0.054605316,0.09946698,0.11281409,0.25038882570646503
2014-12-24 05:00:00,1,0.2577536,0.391570332802079,0.5316564054684784,0.4998877,0.1621384,0.1533549,0.052986834,0.10160215,0.11214611,0.2514551610909608
2014-12-24 05:30:00,1,0.257208,0.5384782910022388,0.5315679381172075,0.4595414,0.15815666,0.15211035,0.054921854,0.10395744,0.11389952,0.2633157175674865
2014-12-24 06:00:00,1,0.25913167,0.39913511228623655,0.5334909752078948,0.40427423,0.1542459,0.15039986,0.05973957,0.112619765,0.12203926,0.2438973710247142
2014-12-24 06:30:00,1,0.27222526,0.43920244014024945,0.548982527963272,0.3181363,0.1562262,0.15377398,0.05356213,0.12184416,0.12660994,0.24339588215169566
2014-12-24 07:00:00,1,0.31476235,0.4743903074203537,0.5913513112447375,0.3007715,0.17274332,0.17387314,0.0657635,0.13236573,0.14217044,0.26313240221165196
2014-12-24 07:30:00,1,0.37853515,0.3737147135983676,0.649637552230027,0.22951157,0.19769779,0.20538732,0.066906825,0.14353497,0.14675981,0.26574285664752056
2014-12-24 08:00:00,1,0.459692,0.47108290408455034,0.7141768400115789,0.18822198,0.2291389,0.2450083,0.078764275,0.15014367,0.15813461,0.2993737193796733
2014-12-24 08:30:00,1,0.5227151,0.37295682251052753,0.7626186051678673,0.10015466,0.25132445,0.2758583,0.08239345,0.15253131,0.15903173,0.2977316039102131
2014-12-24 09:00:00,1,0.56283915,0.3373498181337151,0.7909996444089745,0.04098576,0.26706502,0.29677808,0.082005836,0.1563633,0.16429253,0.29985323693396393
2014-12-24 09:30:00,1,0.5698534,0.3239064859884966,0.7947515616059053,0.08635599,0.27024755,0.29992002,0.084611274,0.15909089,0.16114925,0.3055429388723742
2014-12-24 10:00:00,1,0.57221806,0.29914249784820335,0.7956442190181093,0.16593388,0.26956898,0.29594594,0.09496988,0.16321018,0.16645649,0.31367668160330564
2014-12-24 10:30:00,1,0.5731473,0.2822467580267851,0.7960936595300566,0.1313758,0.26854762,0.29136404,0.1033428,0.16370119,0.16697045,0.30853218076547867
2014-12-24 11:00:00,1,0.5807847,0.4408984774134126,0.8041404064547626,0.21048206,0.26807603,0.287371,0.11187902,0.16169746,0.16867615,0.3371117001311997
2014-12-24 11:30:00,1,0.58206093,0.43806943576617563,0.8051182279166477,0.19581845,0.26849782,0.28524834,0.108443476,0.15504435,0.17112786,0.3343809881948238
2014-12-24 12:00:00,1,0.57997644,0.36567638326823726,0.8028868016601554,0.1794827,0.26867074,0.2834686,0.10773583,0.14717498,0.17109284,0.3229072571674425
2014-12-24 12:30:00,1,0.5873662,0.5223767524771983,0.808686500694764,0.2584603,0.27306405,0.28591946,0.11434635,0.13932446,0.17711179,0.3518506542386525
2014-12-24 13:00:00,1,0.60592806,0.39379242406421433,0.8229257412518084,0.3053667,0.2825107,0.29194617,0.11888603,0.13666789,0.1838448,0.349096502500313
2014-12-24 13:30:00,1,0.6082485,0.47926417354520723,0.8227895214905997,0.23963773,0.28665426,0.29186356,0.11340755,0.13482435,0.18401352,0.35118923806623525
2014-12-24 14:00:00,1,0.6125164,0.3480589298891239,0.824670223291348,0.22493125,0.29126576,0.2920567,0.11310122,0.13427047,0.18713157,0.3364447268340711
2014-12-24 14:30:00,1,0.61396265,0.26038590556068897,0.8226680984582514,0.149984,0.29196143,0.2912372,0.116999395,0.13053924,0.18433046,0.3180075989172898
2014-12-24 15:00:00,1,0.6176578,0.27611976697035345,0.8219537235840205,0.1362208,0.2939664,0.29279786,0.1129292,0.12590417,0.18447214,0.3180024293389896
2014-12-24 15:30:00,1,0.6219107,0.2307945902854982,0.8220523365271307,0.12927489,0.2960181,0.29601762,0.11264859,0.12314981,0.18454453,0.3129345728693516
2014-12-24 16:00:00,1,0.6222323,0.047939260266881334,0.8189608365958546,0.064746484,0.28956965,0.29494476,0.124111995,0.12806407,0.18368116,0.28602783663727865
2014-12-24 16:30:00,1,0.6179527,0.18413518689073527,0.8113018611882002,0.03893513,0.2734315,0.2843087,0.11358847,0.131836,0.18223453,0.2930804536244782
2014-12-24 17:00:00,1,0.62102485,0.210871439426489,0.8125295404051133,0.108694404,0.26503083,0.27984613,0.11861518,0.12794435,0.18235552,0.3029902497480077
2014-12-24 17:30:00,1,0.6260909,0.1894565655125131,0.814730032733675,0.10500707,0.26298857,0.2772136,0.11877492,0.11983055,0.1818472,0.29954882107232356
2014-12-24 18:00:00,1,0.6468829,0.3628724518733186,0.8250915139288785,0.11679797,0.26680127,0.28380418,0.1178407,0.11219475,0.1780831,0.3233743139735863
2014-12-24 18:30:00,1,0.68856966,0.1521712922718983,0.8533030868014727,0.10539295,0.2773882,0.3004794,0.12461621,0.11132692,0.1705533,0.30931122412403306
2014-12-24 19:00:00,1,0.75445426,0.23020771831110487,0.9033021174463322,0.06320295,0.29905245,0.32809168,0.1410365,0.115298755,0.16508316,0.333303285821458
2014-12-24 19:30:00,1,0.8488388,0.16353508787314652,0.9701842451814732,0.0021046335,0.33475655,0.3672202,0.18169704,0.12472367,0.15873747,0.3501997442686445
2014-12-24 20:00:00,1,0.95909977,0.22137323599848635,1.0522816157259722,0.0544917,0.38351417,0.41687417,0.21433626,0.14041543,0.16016524,0.4002835092069653
2014-12-24 20:30:00,1,1.0396817,0.3537696617852468,1.1211405540298531,0.05839342,0.42873093,0.4612581,0.23100802,0.15532847,0.15886374,0.4453527316208452
2014-12-24 21:00:00,1,1.1254885,0.30787410009689964,1.1893924581894222,0.08227536,0.4791074,0.5101229,0.2628262,0.17462379,0.15892251,0.47673702708844484
2014-12-24 21:30:00,1,1.2203684,0.30492594262087813,1.253157904302907,0.06293828,0.5235379,0.557877,0.2958303,0.19544297,0.15632822,0.50782298790714
2014-12-24 22:00:00,1,1.3048494,0.38300500760001377,1.3090589442663956,0.077558994,0.5649204,0.60147804,0.31310993,0.2267644,0.15964438,0.5489321675981174
2014-12-24 22:30:00,1,1.3615215,0.5587378035075545,1.3449331972527747,0.062466647,0.59636337,0.63647765,0.337596,0.266586,0.15740821,0.5913433731277268
2014-12-24 23:00:00,1,1.4090531,0.447041433262493,1.3656482641263388,0.09445215,0.62619025,0.6697426,0.36846286,0.31044963,0.15677415,0.6053127114578556
2014-12-24 23:30:00,1,1.4271655,0.47588770700924066,1.374463829638433,0.12656628,0.6520013,0.69184864,0.3338584,0.33615828,0.16105346,0.6198892686517367
2014-12-25 00:00:00,1,1.4294398,0.44976034344998794,1.3789876367198826,0.15893768,0.642763,0.6991201,0.36966535,0.30912584,0.16044353,0.6220270320632301
2014-12-25 00:30:00,1,1.4247191,0.36423979627153713,1.3791733286701175,0.19216658,0.63471663,0.69817525,0.33192554,0.29234123,0.15665695,0.608234934173565
2014-12-25 01:00:00,1,1.4202077,0.6120129605833249,1.3794860412206118,0.25227875,0.6303074,0.6986695,0.33202577,0.27719888,0.15258463,0.6394190699991189
2014-12-25 01:30:00,1,1.4169605,0.5592481562832354,1.3796708935356592,0.3071172,0.6280863,0.7009086,0.33668882,0.25661194,0.15043445,0.6373029844981191
2014-12-25 02:00:00,1,1.414387,0.6767600794042785,1.3798715958061614,0.34866402,0.6271295,0.70349056,0.3368127,0.23886175,0.14213307,0.6520122511350274
2014-12-25 02:30:00,1,1.4129882,0.606145522996032,1.3799615251537878,0.39569902,0.6271402,0.70501715,0.33470044,0.22589931,0.14046165,0.6475570032724535
2014-12-25 03:00:00,1,1.4121733,0.5484542593147985,1.3800530895804628,0.44457766,0.62732536,0.7044946,0.3354058,0.21703625,0.14020786,0.6455253485176508
2014-12-25 03:30:00,1,1.4113061,0.5247614923388966,1.3798995836457175,0.46983165,0.6272199,0.70171565,0.335446,0.20933938,0.1368409,0.6440400781140478
2014-12-25 04:00:00,1,1.4102008,0.5352986383168759,1.3793328740860296,0.47874987,0.6274577,0.69829255,0.33592582,0.20426627,0.13649511,0.6451132939523474
2014-12-25 04:30:00,1,1.4103274,0.728637360941585,1.3794150552212319,0.52218324,0.6264979,0.6977449,0.3408761,0.2020496,0.14273866,0.6722744751326606
2014-12-25 05:00:00,1,1.4115322,0.7531306802495017,1.380008588915568,0.5389907,0.62282646,0.6996785,0.34751865,0.19488382,0.14784777,0.6773796993948653
2014-12-25 05:30:00,1,1.4168143,0.7845208727114734,1.3826273374106348,0.54092,0.6187698,0.7044527,0.35837388,0.18613198,0.16395816,0.6840632334366904
2014-12-25 06:00:00,1,1.4299321,0.8247715855778424,1.3904218328835087,0.5242842,0.61902535,0.7119592,0.3747947,0.18443006,0.1800067,0.6932917450090545
2014-12-25 06:30:00,1,1.4611957,0.777576636508222,1.411227771852979,0.50001633,0.6318111,0.72637504,0.38365972,0.19021559,0.20874731,0.6989805770637464
2014-12-25 07:00:00,1,1.510315,0.8308649275355702,1.4467335722968215,0.5031463,0.6645904,0.7542028,0.40797815,0.20147935,0.22316016,0.7269411765400834
2014-12-25 07:30:00,1,1.5866513,0.8529484670642038,1.497894960014114,0.4863389,0.720074,0.8041876,0.4257421,0.21437877,0.2653708,0.7615096566297822
2014-12-25 08:00:00,1,1.6876485,0.7848217871857575,1.5676620153289433,0.4907551,0.8001634,0.8814317,0.45985237,0.23309518,0.2998065,0.8005818435966339
2014-12-25 08:30:00,1,1.8016231,0.7499584948037672,1.6535745629529912,0.46678746,0.89459455,0.97829056,0.49526727,0.25247315,0.3351114,0.847520061818266
2014-12-25 09:00:00,1,1.9140902,0.7907603046505187,1.7432582510006127,0.4363455,0.99370104,1.0789706,0.53427666,0.2690429,0.3642067,0.9027391185771562
2014-12-25 09:30:00,1,2.011301,0.8158466488369722,1.8233116033353323,0.38425115,1.0827765,1.1711022,0.5768402,0.27958438,0.39484605,0.9488733116446417
2014-12-25 10:00:00,1,1.9900041,0.8426938010763081,1.8801514880115127,0.33442923,1.1541861,1.2428972,0.6211,0.28439966,0.40883583,0.9731885959678811
2014-12-25 10:30:00,1,2.0371268,1.0088196217314582,1.915618414819256,0.2793335,1.2117993,1.2908851,0.6454838,0.2863992,0.427653,1.0114576294543163
2014-12-25 11:00:00,1,2.019704,0.9301080662064543,1.9390353835322522,0.2480769,1.2546878,1.3251625,0.66488063,0.28022352,0.43830648,1.0111317114118166
2014-12-25 11:30:00,1,1.9917021,0.8980872385694152,1.956889592368146,0.2046435,1.285779,1.3489555,0.6714957,0.26896188,0.4452104,1.0079694305369253
2014-12-25 12:00:00,1,2.012891,0.7588681662713128,1.9747120571018066,0.1806758,1.3105187,1.3694544,0.6746389,0.25685593,0.4482069,0.9985357745545378
2014-12-25 12:30:00,1,2.0303006,0.7944238498399443,1.988341148026083,0.15130575,1.3221242,1.3842013,0.6919912,0.2466271,0.45143962,1.0067505369347858
2014-12-25 13:00:00,1,2.0428736,0.843566423846152,2.0013217459774,0.16095284,1.3263849,1.3988196,0.69535697,0.23970807,0.44503406,1.0171131314236217
2014-12-25 13:30:00,1,2.0603623,0.7887687214092409,2.0169369276487963,0.13574176,1.3311049,1.4155773,0.7025067,0.24115098,0.44345662,1.0150673585247125
2014-12-25 14:00:00,1,2.0793784,0.581555161895146,2.034890125054068,0.13702802,1.3348498,1.4339066,0.69640124,0.24474996,0.44420552,0.9985516434333651
2014-12-25 14:30:00,1,2.0926409,0.5201944636921141,2.04805036074401,0.09235122,1.3379153,1.4478558,0.692271,0.24569213,0.449567,0.9918375746107562
2014-12-25 15:00:00,1,2.103849,0.6020397863204181,2.0603278157830234,0.10002603,1.3404975,1.4618301,0.7037581,0.2414186,0.44935402,1.0070112154344153
2014-12-25 15:30:00,1,2.112379,0.6660704446921812,2.0693296477325855,0.112245694,1.3429667,1.4749286,0.72669584,0.2328059,0.44902384,1.0207161916430147
2014-12-25 16:00:00,1,2.1179364,0.6062518159444412,2.0748972539250636,0.13248317,1.3461479,1.4832404,0.7539755,0.2249179,0.45437914,1.021581047597195
2014-12-25 16:30:00,1,2.1272564,0.5329881652287263,2.0808358904874065,0.17115735,1.3510528,1.4857101,0.79253715,0.21882789,0.46172535,1.024676788308525
2014-12-25 17:00:00,1,2.0873225,0.5438861170500093,2.0874085547287904,0.15992382,1.3580005,1.4855981,0.8184196,0.21240143,0.46923757,1.0246886830732693
2014-12-25 17:30:00,1,2.0453079,0.7709153374648299,2.1030926895985873,0.15366392,1.3688387,1.4903463,0.83474636,0.20980608,0.47722563,1.0504380974887266
2014-12-25 18:00:00,1,2.0638976,0.7002486823620035,2.1291689744435653,0.15374967,1.387541,1.5144279,0.80671984,0.21114618,0.48374927,1.0500721314379964
2014-12-25 18:30:00,1,2.0908954,0.6625744949495864,2.1473231098064085,0.1260089,1.4110348,1.5550767,0.7728868,0.21724145,0.48403177,1.0518970542674195
2014-12-25 19:00:00,1,2.1015072,0.8293795411410656,2.15887956863757,0.13334069,1.4417217,1.6039705,0.76757216,0.22897719,0.48815978,1.0837231463771653
2014-12-25 19:30:00,1,2.0621665,0.914724950062439,2.1663319054066483,0.16558345,1.4808059,1.6542704,0.8049937,0.24410778,0.49577647,1.1098623316982432
2014-12-25 20:00:00,1,2.029047,0.8429616893302114,2.1684132726517933,0.19486776,1.5255083,1.6996368,0.85742587,0.25767902,0.5034623,1.1198891149240326
2014-12-25 20:30:00,1,2.0419946,0.928214563340445,2.161565517408455,0.16832751,1.5642667,1.7333565,0.9002708,0.26184443,0.5075301,1.1408189621714866
2014-12-25 21:00:00,1,1.998568,1.0301155425159116,2.155957652918342,0.18041857,1.6063987,1.7633207,0.91043997,0.26360327,0.51223266,1.1578950116476132
2014-12-25 21:30:00,1,1.9957712,1.1479025913941818,2.1528096101859413,0.1326118,1.6403295,1.7847532,0.9047587,0.26901782,0.5161275,1.171564653911493
2014-12-25 22:00:00,1,1.9887812,1.1674251026070586,2.1503197235963682,0.15503594,1.6866754,1.8128744,0.8718434,0.27969497,0.51843846,1.181232075440204
2014-12-25 22:30:00,1,1.9878592,1.2744709055247618,2.157051196731571,0.16078135,1.7447189,1.8522515,0.85336626,0.29869097,0.52509475,1.206031680228502
2014-12-25 23:00:00,1,1.9453096,1.1762734656523097,2.1858617314663316,0.26162574,1.8386207,1.9286782,0.89592266,0.3380852,0.5342286,1.2338450976428854
2014-12-25 23:30:00,1,1.9545362,1.1654581663846226,2.21959098169868,0.28670818,1.9326614,2.018222,0.87704533,0.37836748,0.54537123,1.264217898103989
2014-12-26 00:00:00,1,1.9552164,1.2823696355140086,2.258347363480792,0.3358012,1.9903364,2.1162982,0.99798125,0.39565164,0.5604898,1.3213879889051618
2014-12-26 00:30:00,1,1.9050727,1.221788977740209,2.2981482072438166,0.38845295,2.038929,2.186172,0.98324406,0.41036412,0.5819459,1.334901988234182
2014-12-26 01:00:00,1,1.9149008,1.121911315129605,2.3306750851583877,0.42013833,2.068121,2.226804,0.97321486,0.41562003,0.5998295,1.3412460969308624
2014-12-26 01:30:00,1,1.913269,1.2381074481994894,2.3601026339118274,0.47377625,2.086923,2.259354,0.97921413,0.41540438,0.6170834,1.3714704729514606
2014-12-26 02:00:00,1,1.9231191,1.2132359016566916,2.379956927414619,0.49444246,2.094689,2.2849247,0.9928246,0.40012473,0.63643277,1.3799722341893808
2014-12-26 02:30:00,1,1.9281547,1.160985185793642,2.394806833169896,0.5178528,2.0969548,2.3023598,1.0073491,0.38147855,0.6597125,1.3832949251150248
2014-12-26 03:00:00,1,1.9230356,1.2251106584156162,2.4046767889807246,0.53526044,2.0962677,2.3100128,1.0234147,0.3642434,0.6745624,1.3951760599285832
2014-12-26 03:30:00,1,1.9257293,1.095385455226042,2.411674706348503,0.54640824,2.0937274,2.3100414,1.0323589,0.35031816,0.6789589,1.3827335990517076
2014-12-26 04:00:00,1,1.9338961,1.0905583186641685,2.415328076889312,0.53208756,2.0900326,2.305101,1.0374001,0.33509526,0.6907626,1.3811401647306958
2014-12-26 04:30:00,1,1.9528165,1.341474658930732,2.417494571358034,0.5501384,2.0841885,2.3022587,1.044722,0.3257583,0.69682455,1.4128529046238023
2014-12-26 05:00:00,1,1.9515562,1.1460694287054025,2.4184110405295236,0.55365425,2.071478,2.3018906,1.0534818,0.317296,0.69915104,1.390332031648263
2014-12-26 05:30:00,1,1.9017954,1.1616127758661392,2.417776895006947,0.53075844,2.0485938,2.3010433,1.06098,0.31063676,0.69682056,1.381113089829065
2014-12-26 06:00:00,1,1.8779769,1.102196274659585,2.4161591389588293,0.49774393,2.017134,2.2967613,1.0682428,0.31015202,0.6987907,1.3650174454784756
2014-12-26 06:30:00,1,1.8636923,0.9720620203530643,2.413446424975063,0.45199522,1.9808825,2.282991,1.0761356,0.31589636,0.68440676,1.3379453517138573
2014-12-26 07:00:00,1,1.8212013,1.0613599421876767,2.4054130459263563,0.4285849,1.942949,2.2564175,1.0689691,0.32143128,0.6788513,1.331686389079058
2014-12-26 07:30:00,1,1.7630835,1.0709962350807825,2.382859060150413,0.37897736,1.9053515,2.217521,1.0455241,0.32215562,0.6654602,1.3057698396897153
2014-12-26 08:00:00,1,1.6959026,1.0316765964115486,2.3469887401920135,0.34429064,1.8661209,2.1680446,0.99376345,0.3184644,0.65011036,1.268373586362671
2014-12-26 08:30:00,1,1.6029444,0.8787180032214401,2.3021352517539033,0.29785597,1.8280486,2.1144557,0.94656205,0.30957195,0.62622505,1.211835216303828
2014-12-26 09:00:00,1,1.605973,0.9229753282745001,2.263073301685605,0.2529219,1.7915831,2.058068,0.89377433,0.30156383,0.60191685,1.1879832946680966
2014-12-26 09:30:00,1,1.5699182,0.8893630507397638,2.2305848996852027,0.21797794,1.7617644,2.0065975,0.8355208,0.29836923,0.594483,1.1560643359888723
2014-12-26 10:00:00,1,1.527112,0.8153286886210829,2.2022499078053865,0.17634533,1.7355323,1.9587867,0.78339165,0.29571107,0.5798606,1.1193686999163608
2014-12-26 10:30:00,1,1.4961622,0.7161844560728792,2.1774842198346174,0.14483146,1.71369,1.9192166,0.75471246,0.28942734,0.56847477,1.0866870625690226
2014-12-26 11:00:00,1,1.472305,0.8885452171089216,2.1525480711905094,0.11421799,1.6917996,1.8839489,0.7320345,0.27956218,0.556568,1.0857255117691214
2014-12-26 11:30:00,1,1.5072589,0.802691713658314,2.1292845200296067,0.054320198,1.6700807,1.8535782,0.7226709,0.26902828,0.5635721,1.0636094991826264
2014-12-26 12:00:00,1,1.4351802,0.8340152438316242,2.106997670817007,0.034082722,1.6481448,1.8272427,0.7031836,0.25773916,0.5550211,1.0446230280091342
2014-12-26 12:30:00,1,1.4201169,0.8177187934596937,2.0870153697743508,0.011229806,1.6279356,1.8046588,0.6991322,0.25086674,0.55115235,1.0299807313691034
2014-12-26 13:00:00,1,1.457001,0.8087288857001713,2.0648576770760823,0.008021523,1.6066024,1.7789035,0.6636168,0.24511373,0.5424794,1.019480541590318
2014-12-26 13:30:00,1,1.4441481,0.8250337527092917,2.0465059770268557,0.013244981,1.5886319,1.758916,0.64535314,0.24136506,0.5442593,1.0119397968359456
2014-12-26 14:00:00,1,1.4310489,0.7267244230270897,2.0289399840166236,0.0057490948,1.5729097,1.7386066,0.61131996,0.24001896,0.5379075,0.9881361178899594
2014-12-26 14:30:00,1,1.4224932,0.5690686221778556,2.0187779971956883,0.063931845,1.5647739,1.7247936,0.5910105,0.23992278,0.5389951,0.9704186143683045
2014-12-26 15:00:00,1,1.4139395,0.5735490600107198,2.0102971515142443,0.09587447,1.5574468,1.7142769,0.56536025,0.23860306,0.536705,0.9673391365444396
2014-12-26 15:30:00,1,1.3523035,0.44412600826612625,2.0024934789760844,0.06804794,1.5453724,1.7071792,0.5458291,0.23516665,0.5321706,0.9369654281753422
2014-12-26 16:00:00,1,1.3315439,0.4750940621685462,1.9863408424025577,0.047553204,1.5285298,1.6998385,0.5290177,0.23542565,0.52992666,0.929252256545284
2014-12-26 16:30:00,1,1.306298,0.4263009026625255,1.9436818362727255,0.0051059555,1.5026747,1.6847035,0.5032539,0.24095201,0.51980907,0.9036422043783023
2014-12-26 17:00:00,1,1.2224023,0.5527688133009665,1.8910330863787639,0.05252682,1.4780898,1.6632328,0.48144203,0.24543944,0.5169247,0.9004288689602559
2014-12-26 17:30:00,1,1.1872799,0.8693820625386302,1.8291358138252152,0.084769584,1.4502542,1.6343777,0.47791314,0.25161505,0.5144969,0.9221360479236809
2014-12-26 18:00:00,1,1.2113814,0.807428831545657,1.7565746882961624,0.1002907,1.4159168,1.5971733,0.4772792,0.25723627,0.51041156,0.9037436453974677
2014-12-26 18:30:00,1,1.2287998,0.8319507911865323,1.6872014660752153,0.100162074,1.3804607,1.558153,0.47401986,0.2644614,0.5068817,0.8924545434247647
2014-12-26 19:00:00,1,1.2292488,0.842236679031954,1.6192014009151054,0.16040286,1.3370366,1.5023919,0.46220586,0.2651038,0.50380117,0.8801810068415078
2014-12-26 19:30:00,1,1.2245395,0.9602022462196995,1.5425813905109576,0.099819064,1.2823877,1.4415889,0.43696252,0.25355428,0.49911892,0.8600838394608482
2014-12-26 20:00:00,1,1.1697037,0.8831238986708936,1.4691476188749837,0.030660057,1.2256167,1.3793044,0.38618007,0.23400724,0.4914166,0.8076844794668421
2014-12-26 20:30:00,1,1.1534047,0.7741884346017756,1.4070096361708089,0.039020877,1.1762644,1.3215799,0.34726432,0.21442395,0.48559412,0.7687500441050195
2014-12-26 21:00:00,1,1.0960109,0.8853610257255422,1.348501683622298,0.018226014,1.1276113,1.2645943,0.29898277,0.19353881,0.47839198,0.7456909780391318
2014-12-26 21:30:00,1,1.1166458,0.9125539474075222,1.3100506859958494,0.015953586,1.0933396,1.2262881,0.2863451,0.1866897,0.47292745,0.7356437694179294
2014-12-26 22:00:00,1,1.1460946,1.0096580356521194,1.2724638202809198,0.05342722,1.050654,1.1818742,0.27053803,0.17996077,0.4691327,0.7370892601894635
2014-12-26 22:30:00,1,1.1055341,1.106055455298625,1.2429109154671516,0.077180535,1.0077881,1.1396829,0.26584,0.17186052,0.46288407,0.7310818346280092
2014-12-26 23:00:00,1,1.0475731,0.929661659109982,1.1977809219046676,0.02105583,0.9590452,1.0883833,0.2505089,0.1475388,0.45069054,0.6769153586892968
2014-12-26 23:30:00,1,1.0092049,0.8423345856069773,1.1589583857081096,0.028980475,0.9352278,1.056021,0.1436357,0.13336778,0.4341498,0.6379867089889779
2014-12-27 00:00:00,1,0.9180927,0.9096178780409758,1.120632655759338,0.041843284,0.914173,1.0368671,0.18763898,0.13165548,0.41502497,0.6306162364097646
2014-12-27 00:30:00,1,0.8621398,0.898380931071296,1.085853279691177,0.09998316,0.9141431,1.0305467,0.17675237,0.12567462,0.38948622,0.6203289069967239
2014-12-27 01:00:00,1,0.8366828,0.779055838952976,1.0556561021760453,0.13179715,0.9290087,1.0285839,0.12032092,0.11622861,0.36447287,0.5957563215434609
2014-12-27 01:30:00,1,0.8101444,0.8028561253279243,1.0245710325466555,0.18723583,0.9504136,1.0269512,0.11453726,0.104774654,0.33202004,0.5948337947456567
2014-12-27 02:00:00,1,0.80438507,0.754133022822634,0.9983222542273601,0.21454787,0.96964926,1.0263481,0.106710106,0.093674466,0.30130666,0.5854529802230172
2014-12-27 02:30:00,1,0.76049244,0.6067188410263942,0.9780266661469766,0.27311647,0.9850798,1.0288814,0.10724057,0.0849186,0.26858646,0.5658957009770949
2014-12-27 03:00:00,1,0.7459903,0.6388696264470735,0.9623021477707882,0.29494038,0.99200124,1.0260019,0.10588208,0.077325076,0.23605399,0.5643740823477924
2014-12-27 03:30:00,1,0.7151028,0.427645548644346,0.9483974281834292,0.33713037,0.9955924,1.019864,0.104326345,0.074109435,0.20712687,0.5365883517432384
2014-12-27 04:00:00,1,0.66939366,0.52254429171807,0.9417875253849936,0.36204132,1.0001754,1.0130882,0.10247765,0.07488243,0.18342355,0.5410904458245344
2014-12-27 04:30:00,1,0.6642374,0.4502386716153204,0.9359948638189891,0.4379319,1.0024552,1.0072472,0.10171896,0.07599879,0.164905,0.5378586671446765
2014-12-27 05:00:00,1,0.635793,0.4076606070860347,0.931755195913413,0.5026747,0.9998661,1.0017434,0.09651073,0.07864101,0.15735596,0.5346667492769505
2014-12-27 05:30:00,1,0.6371068,0.40639855315177087,0.929351983243813,0.51703817,0.9910327,0.9936065,0.0942452,0.08406617,0.15646519,0.5343679182809232
2014-12-27 06:00:00,1,0.66889393,0.46144614787240457,0.9262689643644445,0.5136938,0.97365236,0.98083377,0.09493946,0.08547131,0.15846479,0.540407172073668
2014-12-27 06:30:00,1,0.7351426,0.6683294553430841,0.9219249570564808,0.49525714,0.9487703,0.9632079,0.09700769,0.08039735,0.16705953,0.5641218772979616
2014-12-27 07:00:00,1,0.7484094,0.690702480803953,0.9150877193486392,0.4889972,0.9177353,0.9399508,0.10122982,0.07157112,0.17646703,0.5611278723587146
2014-12-27 07:30:00,1,0.7301934,0.6368167972863183,0.9054959847586622,0.4441489,0.8868379,0.9142067,0.09922482,0.062847145,0.18641242,0.5406871143905955
2014-12-27 08:00:00,1,0.7046914,0.6836765808380729,0.8905189921161366,0.42305392,0.86051434,0.8894063,0.097639404,0.05702137,0.19588396,0.5336007001744147
2014-12-27 08:30:00,1,0.68054664,0.5844709673393815,0.876077870853241,0.35393777,0.83893067,0.86590415,0.09734563,0.05194563,0.20522851,0.5060430932336826
2014-12-27 09:00:00,1,0.7153547,0.679824632525154,0.8645369010817078,0.29073852,0.8230825,0.8462157,0.09668842,0.04975996,0.20984109,0.5084491597706317
2014-12-27 09:30:00,1,0.687315,0.6703822753791169,0.8560017037523676,0.21030313,0.80957544,0.82827145,0.09824784,0.051462002,0.20910579,0.49118495710577176
2014-12-27 10:00:00,1,0.6728066,0.6915892104336816,0.8511862744305735,0.18466328,0.80301404,0.81840426,0.09979934,0.05729238,0.2110615,0.4877574331169151
2014-12-27 10:30:00,1,0.6692506,0.6777163953488206,0.8456293883171676,0.110787906,0.79719007,0.8084838,0.10109054,0.063466236,0.21058145,0.476021819679297
2014-12-27 11:00:00,1,0.64604855,0.8112563271053048,0.840484166497529,0.06388155,0.79314774,0.80050844,0.09759748,0.06806793,0.20947208,0.4811626956669579
2014-12-27 11:30:00,1,0.62709475,0.706203013370768,0.8387489683189789,0.0023544726,0.7917247,0.7962435,0.09607247,0.06677852,0.20968743,0.45943419868767715
2014-12-27 12:00:00,1,0.6089839,0.6636480373918534,0.8393739146806066,0.032503728,0.79003376,0.7931175,0.09488114,0.06325696,0.21003485,0.455092642076554
2014-12-27 12:30:00,1,0.59395146,0.7489836685025448,0.8392625525400567,0.04172207,0.7886431,0.7924226,0.09004928,0.06115585,0.21037519,0.4629517543588444
2014-12-27 13:00:00,1,0.58190966,0.5368916983683008,0.8448854347156584,0.11439691,0.7884638,0.78973156,0.09313981,0.06505704,0.21224308,0.4474132180254349
2014-12-27 13:30:00,1,0.5702909,0.5996569174912487,0.8433308943588335,0.09913305,0.7854014,0.78612924,0.09288012,0.07497214,0.21393736,0.4517480049184706
2014-12-27 14:00:00,1,0.5611912,0.7061408006947616,0.8398837941955536,0.082282774,0.7832794,0.7850725,0.093485184,0.0859013,0.21424794,0.46127610203151787
2014-12-27 14:30:00,1,0.55474305,0.5439230045015702,0.8449434358305282,0.11546881,0.7839009,0.78597724,0.092772916,0.09213119,0.21491846,0.4476421145240646
2014-12-27 15:00:00,1,0.5503143,0.7411594697249733,0.8550240001340176,0.14955524,0.7853679,0.78762525,0.09311853,0.091303594,0.2163123,0.47442006716763824
2014-12-27 15:30:00,1,0.5480931,0.5908653203972829,0.8618002980038361,0.13184746,0.7851008,0.78974414,0.09178678,0.08618196,0.2190091,0.4560476614746063
2014-12-27 16:00:00,1,0.54719126,0.4758123451743401,0.8622193790750857,0.07833818,0.7837713,0.79200715,0.092112295,0.083108604,0.22006968,0.437181130068733
2014-12-27 16:30:00,1,0.5468887,0.6135511793315178,0.8598389985903868,0.026886968,0.78167355,0.7907838,0.09254101,0.0832253,0.21967474,0.4461182528802039
2014-12-27 17:00:00,1,0.5476408,0.6102787970923682,0.8547988674256713,0.05136917,0.7816512,0.7894917,0.08984639,0.0881422,0.2228599,0.4484532268305268
2014-12-27 17:30:00,1,0.54423606,0.6635663366938047,0.8484264340806492,0.118341506,0.78057086,0.7876006,0.09121345,0.09648781,0.22191979,0.4613736482509076
2014-12-27 18:00:00,1,0.5561191,0.6680151940605406,0.8407208736505757,0.14312385,0.7788643,0.785693,0.092570804,0.103150435,0.2218748,0.4655702620412245
2014-12-27 18:30:00,1,0.5249076,0.6869446793276932,0.8336498343693465,0.16121751,0.7752433,0.7791445,0.08781322,0.104435,0.22445187,0.4642008342988636
2014-12-27 19:00:00,1,0.53476596,0.6213731273348202,0.828246892421331,0.18244115,0.7734935,0.77208096,0.10260124,0.10272325,0.22507776,0.4603115398974765
2014-12-27 19:30:00,1,0.5201229,0.46619290725185714,0.8216010031534028,0.13111855,0.7681477,0.7555715,0.11726066,0.10066765,0.22678564,0.4341631654127021
2014-12-27 20:00:00,1,0.5022273,0.5183455646074187,0.8135606345100274,0.076151505,0.7574376,0.7268442,0.122686334,0.101513945,0.22734441,0.4273457195648379
2014-12-27 20:30:00,1,0.5072073,0.5860125889267529,0.8065430593675714,0.061530787,0.74827874,0.69556046,0.11446847,0.10201949,0.22784567,0.4277185033821656
2014-12-27 21:00:00,1,0.48861074,0.5348410210829382,0.7987336787831861,0.074993856,0.7321027,0.65571064,0.10655304,0.10128409,0.22756684,0.41337739952265645
2014-12-27 21:30:00,1,0.4658177,0.5427874239554225,0.7887492968998979,0.11499718,0.7091248,0.61268866,0.09621258,0.1011327,0.22758406,0.4065660440439742
2014-12-27 22:00:00,1,0.44362354,0.44942092036599135,0.7808396167368084,0.1596311,0.68685335,0.5771857,0.08604606,0.10501591,0.22708009,0.390632920909257
2014-12-27 22:30:00,1,0.432549,0.48672156741643136,0.7727282031722856,0.139608,0.6684525,0.5493697,0.102263734,0.109475106,0.23438184,0.38839440440017214
2014-12-27 23:00:00,1,0.40908515,0.4765755424315383,0.7536967374220056,0.13043253,0.640206,0.5162145,0.21112435,0.11654851,0.23625083,0.3877926801834859
2014-12-27 23:30:00,1,0.38090658,0.3981310241415734,0.7191689131096879,0.13815022,0.60281426,0.47590518,0.055955444,0.1253846,0.23514925,0.3479517181485948
2014-12-28 00:00:00,1,0.36632025,0.41510077371015797,0.6899870018396793,0.09184412,0.5672621,0.43700477,0.08294566,0.13226297,0.2290904,0.33464645136965077
2014-12-28 00:30:00,1,0.3538413,0.40602236592335217,0.6599693663153008,0.050768908,0.5213033,0.39201456,0.06252782,0.12937485,0.22596581,0.3113098093766772
2014-12-28 01:00:00,1,0.33302343,0.5504490792231334,0.6387872192256483,0.0039911796,0.4738813,0.3457604,0.06682947,0.12239129,0.22595075,0.30678490308872974
2014-12-28 01:30:00,1,0.31018102,0.6575018563872934,0.6218170836369576,0.06696863,0.42446235,0.2964962,0.05656682,0.1168292,0.21649718,0.3074800392964013
2014-12-28 02:00:00,1,0.29421163,0.7016205054453213,0.612043851590069,0.07254251,0.3816335,0.2505664,0.07248086,0.11067908,0.20864953,0.300491983158614
2014-12-28 02:30:00,1,0.27997565,0.586241046175612,0.6014429970318399,0.13938622,0.34305435,0.20959915,0.06724092,0.10417972,0.19921717,0.2811485817541331
2014-12-28 03:00:00,1,0.27260852,0.7751704680399563,0.5948043551413125,0.19388162,0.31754646,0.18346374,0.06634008,0.0999922,0.1900116,0.29931322666058247
2014-12-28 03:30:00,1,0.26814687,0.6193942157351966,0.5911147919048245,0.22891133,0.30193502,0.16961488,0.061498005,0.09876057,0.17844775,0.2797581588468438
2014-12-28 04:00:00,1,0.26456368,0.49351212767009756,0.590188722167845,0.26797137,0.29703426,0.1681984,0.053742986,0.09948812,0.16906585,0.267085057494473
2014-12-28 04:30:00,1,0.26212,0.5733460369202525,0.5885885211238283,0.39205453,0.29139584,0.16382423,0.04869241,0.10364399,0.16296272,0.2874031430858379
2014-12-28 05:00:00,1,0.25983572,0.6493404844280128,0.5864600054168622,0.46820235,0.28644136,0.15734614,0.049626287,0.10969217,0.15670957,0.3026282319660536
2014-12-28 05:30:00,1,0.25813174,0.7009810935121124,0.5847762938152643,0.49028352,0.28551695,0.15275382,0.04671157,0.11624719,0.15276986,0.3097968931713837
2014-12-28 06:00:00,1,0.2560122,0.8132650392858611,0.5824233487785514,0.49770105,0.28758934,0.1486868,0.043082792,0.121601865,0.15034954,0.3223013306177223
2014-12-28 06:30:00,1,0.25385058,0.6262744331290193,0.5795845569428053,0.4837235,0.29218557,0.14520788,0.041917652,0.124102324,0.14842632,0.2994747575255027
2014-12-28 07:00:00,1,0.25089216,0.551204971003882,0.5749148779781107,0.48290882,0.2954916,0.14148383,0.04330459,0.12416155,0.14856946,0.29032576256830345
2014-12-28 07:30:00,1,0.248245,0.6413659315159226,0.5708766304520778,0.43184352,0.299491,0.13902798,0.042429075,0.12561835,0.14676163,0.2939621230398981
2014-12-28 08:00:00,1,0.24264884,0.5020232655888108,0.5641556343436562,0.39625642,0.2996528,0.13626811,0.04147856,0.1281467,0.14284223,0.2726080629481831
2014-12-28 08:30:00,1,0.23722816,0.28395864603134235,0.5588631891227309,0.33099908,0.2988641,0.13409056,0.04770879,0.13432896,0.14201842,0.24089554392891646
2014-12-28 09:00:00,1,0.2339158,0.2955430087992852,0.5542425551642481,0.29524052,0.29748398,0.13334054,0.05065599,0.13848661,0.14224936,0.2379064855330389
2014-12-28 09:30:00,1,0.23041892,0.3118079883989253,0.5523999241905174,0.19551091,0.2953889,0.1317785,0.055045318,0.13846801,0.14116158,0.22799778319678174
2014-12-28 10:00:00,1,0.22736669,0.36513351075261724,0.5488118279202522,0.14839016,0.2906466,0.12974374,0.04376723,0.13525352,0.14074631,0.2255399548948333
2014-12-28 10:30:00,1,0.22591472,0.4360092410692893,0.5487055183212641,0.046816897,0.28748414,0.12619458,0.04139872,0.13380714,0.13973798,0.22067432538789739
2014-12-28 11:00:00,1,0.22564459,0.5063806629707415,0.54744933938194,0.050632864,0.28582802,0.12416121,0.037312325,0.13144939,0.14175372,0.22784579140776687
2014-12-28 11:30:00,1,0.22691095,0.3595306812801784,0.5468513202680537,0.0065991976,0.28644067,0.12211929,0.0343931,0.13025244,0.13974959,0.2058719146254958
2014-12-28 12:00:00,1,0.22830868,0.45059112379645505,0.5461281955113511,0.02169897,0.2878693,0.119816,0.04020782,0.1286369,0.13830078,0.2179508623076812
2014-12-28 12:30:00,1,0.22909784,0.5481027597452748,0.5452268471384428,0.055442393,0.28934756,0.116389856,0.03163077,0.12666912,0.14170365,0.23151231125913208
2014-12-28 13:00:00,1,0.23138988,0.46225380291507,0.5399876340518314,0.06598989,0.29174927,0.11517752,0.03258889,0.12157864,0.14058937,0.2223672109984298
2014-12-28 13:30:00,1,0.23554242,0.4995283809415447,0.5391479914999237,0.027015597,0.29272836,0.116089545,0.035228744,0.121287435,0.14072834,0.22303297936616318
2014-12-28 14:00:00,1,0.23666537,0.6102135225570606,0.5398098192053876,0.031303197,0.29314154,0.11707939,0.033253405,0.12144686,0.14391679,0.23631443296730792
2014-12-28 14:30:00,1,0.23846257,0.5740114929561759,0.5357627628751155,0.055142265,0.29427305,0.118793316,0.037699524,0.123620726,0.13832073,0.2351207147129432
2014-12-28 15:00:00,1,0.23879898,0.4637702800742467,0.525458748816264,0.05934411,0.29591548,0.12168116,0.0431671,0.124845415,0.13907906,0.22356225983080824
2014-12-28 15:30:00,1,0.23888707,0.4359431628618342,0.5190382831829088,0.09746089,0.29837707,0.12365517,0.041749753,0.12446856,0.13692254,0.2240558324342635
2014-12-28 16:00:00,1,0.23883307,0.3685842941523845,0.5180372391794128,0.08970033,0.29953942,0.12578173,0.0462592,0.12482718,0.13745263,0.21655723146239098
2014-12-28 16:30:00,1,0.2364868,0.4890479705182198,0.5168053396909037,0.039278135,0.29740053,0.1267301,0.05112605,0.1246879,0.13358551,0.22390537087913
2014-12-28 17:00:00,1,0.23325062,0.6446740839473968,0.5126846311512729,0.069291346,0.29548854,0.12776715,0.039349508,0.12568118,0.13717325,0.24281781060955815
2014-12-28 17:30:00,1,0.23389125,0.4234733840187399,0.5071122375651865,0.09587447,0.29630515,0.13055043,0.037617374,0.1287856,0.1448061,0.22204622157618598
2014-12-28 18:00:00,1,0.23538339,0.4201656813289958,0.5009779439086831,0.093644924,0.29751387,0.1370034,0.038957886,0.12939353,0.14223975,0.22169782100542113
2014-12-28 18:30:00,0,0.24651456,0.512910408260117,0.49536981058800555,0.09703212,0.29803556,0.14699997,0.03881103,0.12695138,0.13132738,0.2326613579037602
2014-12-28 19:00:00,0,0.2508365,0.5553235201811528,0.490635023070238,0.088928565,0.29792282,0.15915486,0.041672997,0.12202743,0.12827264,0.23719714934411262
2014-12-28 19:30:00,0,0.2524215,0.3635384407643212,0.48538630148339834,0.061059147,0.29261684,0.1701912,0.045443032,0.119761966,0.13449551,0.21387932668748377
2014-12-28 20:00:00,0,0.25229812,0.25358708751933534,0.4755817230562067,0.024828918,0.28010455,0.17760217,0.047912385,0.124174215,0.12691943,0.19588984431815779
2014-12-28 20:30:00,0,0.24945116,0.4043939656742719,0.4669267561866185,4.6586152e-05,0.2636913,0.18101473,0.046238456,0.12921937,0.12348862,0.20716343889218955
2014-12-28 21:00:00,0,0.24449563,0.5052392238348702,0.46761521284837604,0.029023353,0.2482347,0.1805579,0.045502227,0.12891106,0.12923907,0.21986870978138942
2014-12-28 21:30:00,0,0.23976135,0.35971046967220843,0.46450774143550055,0.0016758712,0.23322804,0.17386752,0.041908562,0.12375522,0.11980799,0.19535808538074384
2014-12-28 22:00:00,0,0.23368406,0.30887579697551537,0.46094743782643677,0.014445509,0.22247085,0.1637894,0.051869676,0.11783363,0.123518914,0.1886039201681221
2014-12-28 22:30:00,0,0.23003805,0.4594361723504381,0.45238790580712473,0.060794476,0.21056359,0.1510164,0.06265118,0.11477188,0.12541421,0.20745265037318278
2014-12-28 23:00:00,0,0.20767832,0.35832720904056536,0.44677214211755767,0.13432685,0.20026435,0.13969228,0.124940336,0.11229533,0.12828118,0.20584199803299164
2014-12-28 23:30:00,0,0.18580699,0.2723789756849584,0.44160087319407937,0.16768439,0.19275945,0.1298199,0.0319909,0.1062105,0.12897655,0.18413650422818778
2014-12-29 00:00:00,0,0.16136622,0.3455849955159138,0.4299048949827303,0.2497062,0.16647983,0.13101031,0.061372813,0.088971384,0.13831964,0.19696847572069764
2014-12-29 00:30:00,0,0.13726807,0.23913796799295106,0.41389325083357864,0.32611126,0.14054567,0.12367223,0.035351552,0.064020306,0.16179238,0.18242140901086035
2014-12-29 01:00:00,0,0.106842875,0.23542584024307445,0.39862908822676446,0.39810008,0.11647817,0.111526884,0.028926523,0.043323252,0.18317717,0.18026998695104013
2014-12-29 01:30:00,0,0.084342,0.32796890933281375,0.3702752524291838,0.4295711,0.094560094,0.09679522,0.023922507,0.031917594,0.2167,0.18622807535939728
2014-12-29 02:00:00,0,0.07149279,0.3936676368373746,0.34472440244576963,0.4598844,0.08230108,0.08864896,0.024537876,0.026371447,0.2545827,0.19402347806085346
2014-12-29 02:30:00,0,0.0673058,0.4277346558444588,0.313778259296282,0.49371356,0.07345021,0.082561046,0.021592624,0.022139203,0.28651556,0.19875454675227985
2014-12-29 03:00:00,0,0.060420632,0.5716921384298086,0.28923457381496137,0.5097063,0.06849369,0.078751735,0.023390407,0.018812817,0.3217858,0.21580979065928427
2014-12-29 03:30:00,0,0.05953324,0.31197441494955136,0.2725524294126938,0.52595633,0.066947766,0.077409826,0.02482819,0.012048058,0.35857618,0.18998071489674362
2014-12-29 04:00:00,0,0.058270454,0.16288542625229674,0.2581549360360114,0.5188818,0.06777469,0.077720135,0.019684324,0.005679443,0.39199015,0.17344904029545982
2014-12-29 04:30:00,0,0.05266559,0.32438079684894383,0.2501386387759596,0.52904344,0.067417204,0.077558905,0.019265618,0.0051615615,0.4092807,0.19276804882943366
2014-12-29 05:00:00,0,0.05307579,0.3685249373396591,0.25024134678191,0.5251846,0.066414766,0.07765626,0.020167315,0.009498599,0.4164219,0.1985761642810367
2014-12-29 05:30:00,0,0.05576563,0.4712337762412506,0.2585080891733592,0.49247018,0.0666634,0.07890529,0.02333822,0.014774796,0.41728833,0.20877196760014588
2014-12-29 06:00:00,0,0.061632514,0.4577323488141136,0.2764945792185662,0.43403015,0.06819035,0.080646366,0.02035248,0.019463964,0.40708026,0.2028470011361488
2014-12-29 06:30:00,0,0.06963742,0.52687448097595,0.30292721370677783,0.34180385,0.071489125,0.08254831,0.02236163,0.023978934,0.38883418,0.20338390469622727
2014-12-29 07:00:00,0,0.08388507,0.5877316451628065,0.34941517540322453,0.31809345,0.07949863,0.090249404,0.028826263,0.026461318,0.36785722,0.2146686858259939
2014-12-29 07:30:00,0,0.099708796,0.556710882590993,0.3936354316061542,0.2425459,0.090268485,0.1021411,0.033506863,0.028455395,0.34744194,0.21049053272001877
2014-12-29 08:00:00,0,0.11925554,0.30484223176701697,0.44477453584750526,0.20502938,0.102264516,0.11925965,0.035686802,0.028927634,0.32704753,0.18745420224958423
2014-12-29 08:30:00,0,0.13396001,0.2622761521799113,0.4780263061718034,0.09453791,0.10826711,0.12829828,0.02812425,0.031324763,0.30860788,0.17482473990385877
2014-12-29 09:00:00,0,0.14819336,0.29152078177937213,0.5126340762747694,0.08300425,0.11051138,0.13486545,0.027804203,0.033598654,0.2951219,0.18191711770841593
2014-12-29 09:30:00,0,0.15959609,0.324976031289232,0.5256677038168245,0.05659263,0.112682,0.13911825,0.026113892,0.03665694,0.2895696,0.18566367999825936
2014-12-29 10:00:00,0,0.16498852,0.44293764575954775,0.528219005301171,0.037255548,0.112850025,0.13948998,0.031407975,0.03985116,0.28416166,0.19790683458038374
2014-12-29 10:30:00,0,0.17094493,0.4221037730222683,0.524151226921796,0.024607124,0.11466481,0.13925502,0.026812745,0.04190503,0.2835978,0.1942269389837421
2014-12-29 11:00:00,0,0.17239499,0.4648051658207546,0.5218392546091493,0.0040695127,0.11396691,0.13592291,0.024141427,0.04492876,0.28425252,0.19625793952410295
2014-12-29 11:30:00,0,0.17563081,0.5214216063133748,0.5206594566935403,0.041679192,0.112657756,0.13267265,0.022823317,0.0475581,0.28135926,0.20627357141724312
2014-12-29 12:00:00,0,0.1807754,0.3528370275633286,0.5197660922201265,0.055956904,0.11152558,0.12984854,0.021833949,0.049802765,0.28369993,0.18956068794184855
2014-12-29 12:30:00,0,0.188833,0.5698394853979405,0.5209905712485428,0.09270164,0.11082701,0.1278672,0.027385766,0.05043626,0.2838788,0.21919552657935543
2014-12-29 13:00:00,0,0.19730806,0.36170711825362645,0.5207001642696527,0.07923858,0.11037409,0.12528917,0.023821868,0.047849797,0.28469467,0.1945537251158958
2014-12-29 13:30:00,0,0.20515132,0.2762758626441766,0.5194464637271735,0.097675264,0.108669825,0.12092249,0.02514158,0.044849295,0.28326508,0.18682190942634896
2014-12-29 14:00:00,0,0.21505928,0.2798662239199228,0.5163664056666212,0.1296179,0.10776899,0.116992265,0.022691708,0.04365277,0.28388098,0.1906551689758661
2014-12-29 14:30:00,0,0.22446406,0.4055060537290487,0.5165629023959688,0.1510559,0.10876485,0.11455787,0.021720327,0.043124765,0.28368416,0.20771565482883944
2014-12-29 15:00:00,0,0.2349428,0.3857891138121463,0.5173852072177935,0.14273795,0.10980049,0.11298174,0.020552525,0.04622036,0.28599072,0.20626676588139695
2014-12-29 15:30:00,0,0.24837196,0.48230160524577137,0.5220030129314369,0.15508625,0.11251567,0.11322934,0.023918888,0.049276333,0.29125658,0.22199551539425422
2014-12-29 16:00:00,0,0.26030922,0.44904607621740844,0.5233298427525882,0.10140547,0.11394538,0.11314521,0.031010738,0.049704168,0.2899992,0.2146550324692205
2014-12-29 16:30:00,0,0.26545286,0.5370496892612575,0.5223541424743327,0.042836845,0.11342608,0.11157541,0.032569535,0.046634495,0.28750357,0.2177114034113331
2014-12-29 17:00:00,0,0.27164793,0.5023923660072409,0.5269162302915963,0.13493451,0.11350036,0.111632735,0.025375845,0.04392212,0.28544682,0.22397432431255707
2014-12-29 17:30:00,0,0.27140486,0.3827377882554739,0.5264722142648681,0.17699589,0.11513115,0.11082692,0.028192183,0.04381607,0.29312885,0.21652287995083017
2014-12-29 18:00:00,0,0.26506126,0.4186029098957178,0.5247895853507478,0.24405397,0.11769629,0.110123664,0.025288975,0.04614169,0.2925523,0.2271456272024507
2014-12-29 18:30:00,0,0.26023972,0.31618058222241885,0.5234429430852792,0.24786994,0.120485,0.11101915,0.021688096,0.048127737,0.30768174,0.21741498960566996
2014-12-29 19:00:00,0,0.25911438,0.31655727402806555,0.5218083022681663,0.25691676,0.123070166,0.11265378,0.023070939,0.052564055,0.30364898,0.21882273743872088
2014-12-29 19:30:00,0,0.26775634,0.23538401146439192,0.5235819726782747,0.1902017,0.12464185,0.1169782,0.025875207,0.061039425,0.30881634,0.20603056129557618
2014-12-29 20:00:00,0,0.28131092,0.12779683284725962,0.5282227836595113,0.14346685,0.124088146,0.12155031,0.033061475,0.07055652,0.3092492,0.1932558909480523
2014-12-29 20:30:00,0,0.29634762,0.2242197841875182,0.5314289969068632,0.0988758,0.12195973,0.12655205,0.045868795,0.07916952,0.30995473,0.20381966900863352
2014-12-29 21:00:00,0,0.29635704,0.19410893243217053,0.5230116320646654,0.13510603,0.11229067,0.1255274,0.03372775,0.084885605,0.3073884,0.2013781607720941
2014-12-29 21:30:00,1,0.29764104,0.2633631293467502,0.5186169115279478,0.12970364,0.10610106,0.12678897,0.028095786,0.08984072,0.30641055,0.20739575635024995
2014-12-29 22:00:00,1,0.30086958,0.4513426806993248,0.516265634713777,0.083011664,0.10074394,0.1289367,0.026007995,0.09678696,0.30512536,0.22323227896347136
2014-12-29 22:30:00,1,0.2982291,0.6538900044266516,0.5102764359097098,0.06783356,0.09418465,0.12802103,0.036244534,0.11228633,0.30213195,0.24478862156122425
2014-12-29 23:00:00,1,0.28820217,0.675517651623549,0.5015915920213954,0.0049773254,0.08545835,0.12416578,0.046408385,0.13263862,0.297179,0.23957098739207028
2014-12-29 23:30:00,1,0.2829318,0.4758892671911479,0.49827950740570115,0.0700557,0.08120393,0.12177757,0.022774965,0.1493827,0.28897634,0.2212524203914182
2014-12-30 00:00:00,1,0.27521563,0.6283396539903485,0.49418542782236397,0.14277342,0.0823304,0.11933952,0.042079557,0.14017354,0.28218564,0.24518030931876467
2014-12-30 00:30:00,1,0.27035844,0.5731679801869269,0.4919794115781003,0.24001622,0.08375624,0.11771436,0.023315012,0.12353903,0.27061307,0.2438288636570406
2014-12-30 01:00:00,1,0.26678467,0.7657429628530572,0.4897223764484141,0.30463037,0.083926305,0.11677404,0.020258825,0.10892332,0.2589228,0.26840951701319266
2014-12-30 01:30:00,1,0.26396155,0.812637130660395,0.48882750578731904,0.3716456,0.08367941,0.11752976,0.01853066,0.10298946,0.24960056,0.27882240346434894
2014-12-30 02:00:00,1,0.26328015,0.8400645426082942,0.48915575527137745,0.41259214,0.08239979,0.11868257,0.021146044,0.10253162,0.24191147,0.2857515657882663
2014-12-30 02:30:00,1,0.26636863,0.6921627778778063,0.48993352260220313,0.44762188,0.079811014,0.1186394,0.020617351,0.10657524,0.23464218,0.2729302220275271
2014-12-30 03:00:00,1,0.26653743,0.6469067895551266,0.4911292699037487,0.47317597,0.07730802,0.11726644,0.022067398,0.1098875,0.22736764,0.27018294010116256
2014-12-30 03:30:00,1,0.26678717,0.5915669495249158,0.4925108012207906,0.48659617,0.0756884,0.11474382,0.022188133,0.10827019,0.22027542,0.26429189446108126
2014-12-30 04:00:00,1,0.26748192,0.5514549360357766,0.49398508276507747,0.48505265,0.07594731,0.11252266,0.02466908,0.10830502,0.21396728,0.2592651039641167
2014-12-30 04:30:00,1,0.26713967,0.6546236204742506,0.4939442278845464,0.5133508,0.07597528,0.11058477,0.028478835,0.10778619,0.21083908,0.27363582912465456
2014-12-30 05:00:00,1,0.26680863,0.6169368254625223,0.49363236601707017,0.5265566,0.0751947,0.10952779,0.030446898,0.10861808,0.21050127,0.2709136854999495
2014-12-30 05:30:00,1,0.2659489,0.7844061617264249,0.49382743021094566,0.48676768,0.07388668,0.10857366,0.031440176,0.11119374,0.20909762,0.2850157821866481
2014-12-30 06:00:00,1,0.26403904,0.622517156703907,0.4948972985214767,0.43578807,0.073192514,0.107302286,0.030816223,0.11780192,0.20900965,0.26170712785150335
2014-12-30 06:30:00,1,0.2598747,0.6787773587683397,0.5023682766647434,0.33730188,0.074467264,0.10593281,0.03384748,0.12728606,0.20840134,0.2586952411672677
2014-12-30 07:00:00,1,0.2643894,0.6605861987432178,0.5199738761505582,0.3149635,0.083372146,0.11306041,0.055107243,0.13642634,0.2075728,0.2617168782649375
2014-12-30 07:30:00,1,0.27670836,0.5061028951855224,0.5358657765377348,0.2323414,0.09590783,0.12708235,0.058504246,0.14072546,0.205954,0.2421324797519987
2014-12-30 08:00:00,1,0.2923323,0.5222999377392306,0.5538824326865898,0.17947528,0.110440366,0.14562911,0.06348252,0.14223373,0.204218,0.24599929623488587
2014-12-30 08:30:00,1,0.29883707,0.4235611143065441,0.5659912683574978,0.056849886,0.117488004,0.15745628,0.052168008,0.14016365,0.20371401,0.22402547592765285
2014-12-30 09:00:00,1,0.3003497,0.35792777829249545,0.5726103334907777,0.036569532,0.12348588,0.16670164,0.049867574,0.14115073,0.20187877,0.21672688356783734
2014-12-30 09:30:00,1,0.29223287,0.2635199728205606,0.5754913869642537,0.002268722,0.12685017,0.17092514,0.049450733,0.14441782,0.20146623,0.20295811709037948
2014-12-30 10:00:00,1,0.29508412,0.2541786404621522,0.5799385000000985,0.0026191464,0.1296572,0.1722233,0.05588846,0.1501252,0.20014459,0.20442879477615172
2014-12-30 10:30:00,1,0.29312646,0.30907368763383225,0.5800550104300827,0.05136917,0.12918158,0.16878785,0.05661511,0.15446246,0.19959109,0.21580693519259217
2014-12-30 11:00:00,1,0.2922212,0.35656143960064846,0.5803898260086054,0.056514293,0.12889984,0.16556865,0.057409395,0.15290523,0.19966419,0.22112600556413214
2014-12-30 11:30:00,1,0.29175723,0.17238807499308528,0.5820293462845881,0.12404401,0.12842473,0.16346675,0.061819978,0.14825955,0.20050326,0.20807699217358244
2014-12-30 12:00:00,1,0.2910304,0.1865660291397706,0.5829672335185592,0.14826897,0.1285252,0.16276616,0.0584371,0.14185818,0.20208614,0.21138948958319778
2014-12-30 12:30:00,1,0.28996468,0.30885414804590283,0.583473806049306,0.17922544,0.1303538,0.16328825,0.05811886,0.13853857,0.20424666,0.22845157826074894
2014-12-30 13:00:00,1,0.2936555,0.1714895383181254,0.5909269677231289,0.21301173,0.13383909,0.16528115,0.061371267,0.1375549,0.2086537,0.2195315387766853
2014-12-30 13:30:00,1,0.29357445,0.26169653313513663,0.5948791821034102,0.20143524,0.13775477,0.16673078,0.05745351,0.13591929,0.2119753,0.22904656153527625
2014-12-30 14:00:00,1,0.29230332,0.15029146456379472,0.593768285829656,0.19268851,0.14193586,0.16754638,0.05722979,0.13176501,0.21437748,0.21576734358573627
2014-12-30 14:30:00,1,0.28909516,0.25094712756373205,0.5909970330698917,0.18595697,0.14610444,0.16784495,0.058954988,0.124249354,0.21503839,0.22546537952548265
2014-12-30 15:00:00,1,0.28783214,0.35446000327609184,0.5904772767936698,0.19440354,0.15099896,0.16874523,0.058225855,0.1234642,0.2164569,0.23834045797045286
2014-12-30 15:30:00,1,0.28593862,0.26204954048230533,0.5871174692289217,0.16318981,0.15478067,0.16877887,0.05675973,0.1263679,0.21405782,0.22433782512611383
2014-12-30 16:00:00,1,0.28442514,0.07294531359220358,0.586323748829549,0.08781379,0.15651189,0.16899335,0.06961934,0.1338762,0.21397853,0.19716525632386225
2014-12-30 16:30:00,1,0.2816329,0.1727680889237515,0.5863443419872857,0.02975966,0.15624428,0.16766797,0.06307589,0.13724874,0.21545401,0.20113287599006988
2014-12-30 17:00:00,1,0.2783109,0.2653105855118696,0.5854036338736962,0.11366802,0.15614094,0.16757376,0.06366723,0.13510936,0.2146623,0.21998296984634813
2014-12-30 17:30:00,1,0.27762508,0.26278607932628617,0.5876051867940726,0.20705196,0.15563445,0.16753665,0.06020529,0.12875903,0.2147873,0.22911011398643083
2014-12-30 18:00:00,1,0.2771994,0.3819902793155556,0.5874547816173417,0.28204212,0.1555119,0.16662554,0.05838445,0.12082426,0.21690282,0.249659504740797
2014-12-30 18:30:00,1,0.27642214,0.25783457387938746,0.5867751558554862,0.34082517,0.1569344,0.16648424,0.060822554,0.11647304,0.22443427,0.24300061577865545
2014-12-30 19:00:00,1,0.27779675,0.3406295817265992,0.5877325093683907,0.35060087,0.1600815,0.16704153,0.06621517,0.119700305,0.23072915,0.2556141512494109
2014-12-30 19:30:00,1,0.27861178,0.211935426653044,0.5925787584571909,0.30155072,0.16475117,0.16779189,0.06951148,0.1322184,0.2357913,0.23941565807434184
2014-12-30 20:00:00,1,0.2835381,0.1539420063888297,0.5972401846918268,0.250271,0.1704465,0.1686457,0.06769693,0.14630961,0.24102342,0.2310126051314238
2014-12-30 20:30:00,1,0.28455043,0.27736038739776525,0.5948782467203514,0.22304472,0.1738724,0.1679849,0.061147887,0.15264705,0.24311736,0.24206704252722933
2014-12-30 21:00:00,1,0.28774142,0.3296146759287826,0.5951866727122609,0.25391546,0.17446807,0.16828233,0.06423207,0.15089434,0.24755034,0.252431709622291
2014-12-30 21:30:00,1,0.29376578,0.4005243956383673,0.5981210430200916,0.24362521,0.17480457,0.17031074,0.06776301,0.14637817,0.25207204,0.2608183281738739
2014-12-30 22:00:00,1,0.29561257,0.40662078019047776,0.5999425358097364,0.23183429,0.17322472,0.17171933,0.07158453,0.1467961,0.2556391,0.26144155227616
2014-12-30 22:30:00,1,0.3051983,0.36039655971784335,0.6049925731966106,0.17253679,0.17417784,0.17553507,0.07966352,0.15814424,0.25689343,0.2541709252990517
2014-12-30 23:00:00,1,0.3089571,0.2834078891813654,0.6076776896975302,0.15410009,0.1740303,0.17442468,0.09562688,0.17709681,0.25698814,0.2480343984652643
2014-12-30 23:30:00,1,0.30745006,0.26962471156665835,0.610048436473245,0.06517525,0.17838277,0.17330322,0.06751706,0.1846474,0.2541698,0.23447985393514525
2014-12-31 00:00:00,1,0.30497432,0.245472557979296,0.6116015700728713,0.0033406187,0.17691503,0.1683605,0.07389987,0.1744258,0.24805541,0.22300507578977527
2014-12-31 00:30:00,1,0.30571795,0.21353505959786823,0.6148521072198151,0.09526679,0.178246,0.16625762,0.06372801,0.16391613,0.23876366,0.22669814728583434
2014-12-31 01:00:00,1,0.3069464,0.3561892632087229,0.6200160330180203,0.16931367,0.18172733,0.16766636,0.072129674,0.15429562,0.22651352,0.25053309725483297
2014-12-31 01:30:00,1,0.30759156,0.39790319205576097,0.6232254722321421,0.26338366,0.18342061,0.17024285,0.07709036,0.14266616,0.21434191,0.26442952976988177
2014-12-31 02:00:00,1,0.31113493,0.33772587503013973,0.627534428453672,0.31316268,0.18448055,0.17404586,0.08001492,0.13556455,0.20063569,0.26269994333567526
2014-12-31 02:30:00,1,0.31319952,0.21335372590296053,0.6297976282732816,0.37730524,0.18426341,0.1776005,0.07953367,0.13777258,0.19134249,0.2560187504669515
2014-12-31 03:00:00,1,0.31478333,0.3055522051570616,0.6315768520599756,0.41602224,0.1848506,0.18047501,0.08262765,0.14278859,0.17906585,0.27086025965085686
2014-12-31 03:30:00,1,0.31543005,0.35638098280015207,0.6325928769228549,0.44805065,0.18718882,0.18226919,0.08640919,0.14115962,0.17470562,0.2804652216562072
2014-12-31 04:00:00,1,0.3175527,0.3714375950284339,0.6345334727002535,0.4395612,0.19382887,0.18493465,0.095799975,0.14318858,0.16767599,0.2831681107020035
2014-12-31 04:30:00,1,0.31753266,0.41192374410793064,0.6345997081321295,0.49675778,0.1966468,0.1863142,0.103311576,0.14358374,0.15891834,0.294398725908976
2014-12-31 05:00:00,1,0.31721854,0.38562519166437426,0.634622606604019,0.5190962,0.19303954,0.18552569,0.10581847,0.14388366,0.16262528,0.29416168603680704
2014-12-31 05:30:00,1,0.3161962,0.47851741033831274,0.6344952987601429,0.4950856,0.18400313,0.1819527,0.107464135,0.14952604,0.16015507,0.300821732357409
2014-12-31 06:00:00,1,0.31561625,0.3376372512956607,0.6359257498746407,0.45735472,0.17024288,0.17455104,0.10439543,0.16272323,0.16650693,0.2805503864105702
2014-12-31 06:30:00,1,0.31897867,0.36989505511018805,0.6412106346962754,0.36988768,0.15833282,0.16652328,0.09518564,0.18304226,0.17150484,0.2749512083445127
2014-12-31 07:00:00,1,0.33223033,0.40677730991512284,0.6561796360740855,0.34463367,0.1522847,0.16423936,0.10037289,0.20009181,0.17514683,0.28132850366540274
2014-12-31 07:30:00,1,0.3531233,0.33483514253190627,0.6741998054333268,0.2593104,0.15585323,0.17097774,0.098205775,0.21210174,0.17252968,0.2701263131271566
2014-12-31 08:00:00,1,0.38319266,0.4081289653200866,0.6989579661482992,0.2110749,0.16844852,0.18783538,0.10470349,0.21879369,0.18162985,0.2847517146337185
2014-12-31 08:30:00,1,0.41632688,0.3745284804297597,0.7191892558499128,0.10697195,0.18034355,0.20563239,0.1091453,0.22613034,0.18190852,0.2800196290320496
2014-12-31 09:00:00,1,0.45536888,0.4886684653579838,0.7472369525566844,0.10525689,0.19496256,0.22627708,0.11625136,0.23362795,0.18034957,0.30533330077545284
2014-12-31 09:30:00,1,0.48880792,0.3410923804771979,0.7688873803934383,0.07507219,0.20753013,0.24207683,0.11778276,0.24208067,0.1856472,0.2965530509998733
2014-12-31 10:00:00,1,0.50219774,0.2926706139055266,0.7809049904378349,0.04621663,0.21663384,0.24958849,0.11871813,0.24974804,0.18421489,0.2934325962026855
2014-12-31 10:30:00,1,0.5159695,0.30080729212311397,0.7895397324107333,0.022377571,0.22435173,0.2534571,0.12425301,0.2552843,0.18659548,0.29695952775949674
2014-12-31 11:00:00,1,0.51954234,0.34673720624806315,0.7913072013048136,0.032417975,0.22718285,0.2515254,0.12859192,0.25624388,0.18733114,0.3045422134671386
2014-12-31 11:30:00,1,0.51804626,0.3357700734360005,0.7896359369265974,0.11251037,0.22672392,0.2490328,0.13826582,0.2513363,0.18775184,0.3121192585994902
2014-12-31 12:00:00,1,0.5144526,0.23980647286514234,0.7880771762981762,0.104749806,0.22630005,0.24767092,0.13879207,0.24500583,0.18699098,0.29909398575545165
2014-12-31 12:30:00,1,0.5134982,0.38962230498452755,0.7849656503311756,0.124472775,0.22504032,0.24664079,0.1384774,0.23918666,0.18340178,0.3161450953108066
2014-12-31 13:00:00,1,0.5100992,0.3866831399374515,0.7798790740832386,0.17926832,0.22345161,0.24565515,0.13873513,0.23439741,0.18452294,0.3202991054592089
2014-12-31 13:30:00,1,0.5087671,0.5386525534139732,0.7762140370324672,0.18158361,0.22351646,0.24507946,0.14150192,0.23148651,0.18046151,0.3363625774721534
2014-12-31 14:00:00,1,0.50960314,0.3937072355442748,0.7745948226706045,0.18569973,0.22503664,0.24468836,0.13952649,0.23066005,0.18058452,0.32045566528317404
2014-12-31 14:30:00,1,0.5124475,0.4134363031820705,0.7748793190596934,0.19714762,0.22833902,0.24466918,0.13952877,0.2287277,0.18483299,0.3248898196255133
2014-12-31 15:00:00,1,0.5164914,0.35971993166027083,0.7758655589691084,0.2119827,0.23417263,0.24526028,0.14279066,0.22578326,0.18541463,0.32194233975645614
2014-12-31 15:30:00,1,0.5211179,0.19849981661548988,0.7767350306658062,0.17879668,0.24090934,0.24679974,0.14204441,0.22520119,0.18574172,0.30176064990338564
2014-12-31 16:00:00,1,0.528263,0.10994282728528226,0.778372135149322,0.1376786,0.24562405,0.24895869,0.13760829,0.22771482,0.18725458,0.28904632893401544
2014-12-31 16:30:00,1,0.5355396,0.15778606264362516,0.7812025969201897,0.095831595,0.24554598,0.24800524,0.14149751,0.22573604,0.18865095,0.29108840020532467
2014-12-31 17:00:00,1,0.54270196,0.16929062614952883,0.7866708315518014,0.155172,0.24733324,0.25154284,0.14619358,0.21236059,0.18978538,0.3001167831389777
2014-12-31 17:30:00,1,0.54162323,0.18535030712139822,0.7847079854419559,0.19770502,0.24991451,0.2527866,0.1402322,0.19752604,0.1889142,0.30430667769198005
2014-12-31 18:00:00,1,0.543069,0.33370838432211514,0.7817733057948459,0.24191017,0.25220025,0.25418976,0.14056857,0.1865176,0.18663104,0.3245075643667732
2014-12-31 18:30:00,1,0.54884005,0.16398714362808775,0.7810068514433777,0.281742,0.25393474,0.25761297,0.14692181,0.18419255,0.18062733,0.31098505108897495
2014-12-31 19:00:00,1,0.55357885,0.26255660090286703,0.7821833202791237,0.33194977,0.25415158,0.26121175,0.14772674,0.18634562,0.17894395,0.32873868824040386
2014-12-31 19:30:00,1,0.5503081,0.24851234485757523,0.7782586960164681,0.42859232,0.24934283,0.26168326,0.14820878,0.18976259,0.19022386,0.3383214211151908
2014-12-31 20:00:00,1,0.53863955,0.2589078458608487,0.771956983522872,0.478157,0.24156016,0.2585604,0.15506944,0.19193567,0.2131676,0.3453282939683982
2014-12-31 20:30:00,1,0.5374378,0.2956376827300158,0.7787222998482751,0.5319664,0.23261881,0.25431108,0.15622768,0.1903325,0.24269538,0.35777217970604513
2014-12-31 21:00:00,1,0.5547979,0.4073849100504052,0.8026060762641855,0.57591426,0.22870523,0.25521013,0.16336726,0.19459759,0.27726173,0.3844272304604645
2014-12-31 21:30:00,1,0.5612953,0.33085091799138056,0.8162686126567319,0.5549479,0.22766466,0.25639257,0.16603188,0.20246202,0.31079072,0.38074495158925326
2014-12-31 22:00:00,1,0.5562844,0.4191336960137271,0.8142209412973681,0.47356927,0.22817306,0.25742394,0.15640749,0.20934111,0.33206865,0.38295806550164957
2014-12-31 22:30:00,1,0.54445195,0.3611638313876089,0.8035411352533172,0.377527,0.2291315,0.25883657,0.17142418,0.22588281,0.34108448,0.3681159403695504
2014-12-31 23:00:00,1,0.54067326,0.24907108476915418,0.8011387622189038,0.3196015,0.23086086,0.25833997,0.20741007,0.24440296,0.3567667,0.35647390748557517
2014-12-31 23:30:00,1,0.58437455,0.33186564736506163,0.8308842012731562,0.009429014,0.24853888,0.27340308,0.19406612,0.26923737,0.35480174,0.3440667339427318
2015-01-01 00:00:00,1,0.61223304,0.40715458432061524,0.8546979418031876,0.33362195,0.25957933,0.2776537,0.24859774,0.30024046,0.36465573,0.4064927193252556
2015-01-01 00:30:00,1,0.85674703,0.5661305712358615,1.0412687691216442,0.65064716,0.37912044,0.3667183,0.40348825,0.444083,0.4210381,0.5699157346052288
2015-01-01 01:00:00,1,1.1439686,0.5605126442420278,1.2421155820843937,0.6801887,0.5466441,0.49415037,0.5323831,0.6047787,0.47647145,0.6979125812369933
2015-01-01 01:30:00,1,1.3787165,0.5192283343787611,1.40521250753202,0.5992389,0.7056666,0.6197069,0.53283,0.70848477,0.5073949,0.7751643769208526
2015-01-01 02:00:00,1,1.5737777,0.48475304099130234,1.544350884840795,0.5098852,0.8483213,0.73824453,0.56001467,0.7631498,0.51281846,0.8372572849203022
2015-01-01 02:30:00,1,1.7707095,0.5558900345956808,1.6719670663262027,0.46610883,0.99215734,0.8626075,0.6051249,0.80760777,0.5182993,0.9167191339817329
2015-01-01 03:00:00,1,1.9385016,0.5584238583195003,1.7881449123938178,0.37495443,1.1197077,0.97341204,0.65717894,0.8283764,0.50913,0.9719810990831045
2015-01-01 03:30:00,1,2.0765445,0.6465960697323343,1.8899137937531432,0.28491482,1.2327882,1.063036,0.68330234,0.82209563,0.47815847,1.0197055364040954
2015-01-01 04:00:00,1,2.1800747,0.6825465251057086,1.9616917164183194,0.16284682,1.3230268,1.1365995,0.72337866,0.7934549,0.45000622,1.0459584254921066
2015-01-01 04:30:00,1,2.2190049,0.798805984033713,1.9908266302135367,0.074729174,1.3506649,1.1858667,0.77299815,0.76345265,0.4063916,1.0625267355301036
2015-01-01 05:00:00,1,2.2340899,0.8577469912663513,2.0030700579318266,0.23465672,1.3523793,1.221396,0.786495,0.7435443,0.37063947,1.0893352930471663
2015-01-01 05:30:00,1,2.242443,0.7866072188233613,2.0099142189473476,0.31612113,1.3503692,1.2564838,0.79679066,0.7331352,0.34989855,1.0935292324099921
2015-01-01 06:00:00,1,2.2462451,0.7287391821658495,2.0128525149179373,0.36967328,1.3409342,1.289097,0.80992234,0.73330754,0.33282354,1.0959549618150213
2015-01-01 06:30:00,1,2.2433665,0.6008685695200775,2.011030933745641,0.38549453,1.3281615,1.3077708,0.81527245,0.7436423,0.33192116,1.0852809689878202
2015-01-01 07:00:00,1,2.2377467,0.6947948005442779,2.0070323847604525,0.39942923,1.3128185,1.3060814,0.8277321,0.7462375,0.34518018,1.0974503178234198
2015-01-01 07:30:00,1,2.226037,0.8107173992689525,1.9983468448587596,0.40483162,1.3141835,1.3003197,0.8406749,0.7416262,0.359949,1.1107429006471061
2015-01-01 08:00:00,1,2.2214172,0.8468288920449218,1.9929506420879006,0.41795164,1.3398727,1.3077683,0.88004595,0.7343498,0.38407284,1.125028667426942
2015-01-01 08:30:00,1,2.2255301,0.8286285528115229,1.997939430297472,0.41357833,1.3887429,1.3416358,0.90790343,0.7276646,0.41201758,1.1381823128548194
2015-01-01 09:00:00,1,2.2465196,0.8461463036085224,2.017101687641131,0.3801779,1.4422936,1.3866423,0.92799085,0.7153404,0.4369823,1.1554661062741383
2015-01-01 09:30:00,1,2.2806857,0.855772476935865,2.039239980347454,0.33708748,1.4940583,1.4387698,0.94245964,0.7115895,0.45190677,1.172396622224205
2015-01-01 10:00:00,1,2.321315,0.9774510661953215,2.067216816263602,0.28585064,1.539686,1.492292,0.95065725,0.71371067,0.4692076,1.2019319018541177
2015-01-01 10:30:00,1,2.3457778,0.9371707063299795,2.0886361013717263,0.18715009,1.5699482,1.5357467,0.9450792,0.72266614,0.47842008,1.2011772188019885
2015-01-01 11:00:00,1,2.3699412,1.1211884811249693,2.109869149503267,0.12720942,1.5975372,1.5777826,0.9294448,0.7302378,0.4828284,1.2273376734885781
2015-01-01 11:30:00,1,2.3834963,1.030627253195446,2.122796879898706,0.034725863,1.6169124,1.6136646,0.9295752,0.7364285,0.4871752,1.2172669081756362
2015-01-01 12:00:00,1,2.3882315,0.8694614217990644,2.1285092126825735,0.00707825,1.639852,1.6437631,0.9134393,0.7374909,0.4770268,1.2005391632482771
2015-01-01 12:30:00,1,2.3894928,0.772916603060473,2.1309017605122587,0.039621145,1.6660324,1.6679984,0.89863116,0.7420707,0.4850963,1.1991956956547252
2015-01-01 13:00:00,1,2.3868175,0.7688408551922237,2.1316845656542043,0.043051228,1.6954551,1.6874974,0.8971066,0.7457742,0.47880688,1.2038926929171312
2015-01-01 13:30:00,1,2.3833458,0.7256585228416057,2.1306195694373224,0.08275441,1.7206075,1.7055694,0.9010939,0.74649936,0.4799371,1.2084539574731157
2015-01-01 14:00:00,1,2.3821845,0.6193204165365067,2.1304441593355143,0.07263567,1.7471603,1.7252551,0.90310794,0.74615365,0.4818237,1.2008983897735892
2015-01-01 14:30:00,1,2.3838956,0.8220150776747328,2.1307175710670947,0.09060073,1.7673421,1.7475345,0.9000455,0.74630475,0.4744265,1.2292091544349575
2015-01-01 15:00:00,1,2.3838718,0.8495236028669417,2.130088050903266,0.10783688,1.7828617,1.7700406,0.8960025,0.7373352,0.47204122,1.2366223960215514
2015-01-01 15:30:00,1,2.3823345,0.7201342356759213,2.1299399805015717,0.08824254,1.8015714,1.7913551,0.90129274,0.7290232,0.47072375,1.2238463816764653
2015-01-01 16:00:00,1,2.380909,0.7177595455728163,2.1310632945378236,0.07169241,1.822821,1.8096437,0.8985586,0.72058374,0.4699081,1.2247710468654478
2015-01-01 16:30:00,1,2.383274,0.6609166576165748,2.1356721551906404,0.01213762,1.8513329,1.8217345,0.8997431,0.70749557,0.4723186,1.2160694668319505
2015-01-01 17:00:00,1,2.3839962,0.6479999492073123,2.1392735420020843,0.048968114,1.8745953,1.8361537,0.89781594,0.6908825,0.4710258,1.221190125002425
2015-01-01 17:30:00,1,2.380982,0.792091782472724,2.139716221241213,0.07769504,1.8982636,1.8503227,0.8972148,0.6767523,0.4654985,1.2420596523340377
2015-01-01 18:00:00,1,2.3683274,0.6923039368342394,2.1352186343462947,0.081811145,1.9276646,1.8625678,0.9031718,0.6721974,0.4616978,1.2338844979575687
2015-01-01 18:30:00,1,2.345316,0.894039976952488,2.122026050606002,0.09338767,1.9612153,1.8802885,0.9121961,0.678796,0.4539677,1.2601370171680104
2015-01-01 19:00:00,1,2.311211,0.9448883494366846,2.0963162002330247,0.05377023,2.0111501,1.905396,0.91733336,0.70013386,0.44191238,1.264679066869891
2015-01-01 19:30:00,1,2.274234,0.9548647419718552,2.0615479824745817,0.0029118608,2.0766692,1.9408828,0.9257531,0.73559195,0.42007405,1.2658366411338586
2015-01-01 20:00:00,1,2.2505808,0.8094620829614527,2.038861732061073,0.027051056,2.1430995,1.9810286,0.939701,0.78093386,0.39284372,1.2626180403022431
2015-01-01 20:30:00,1,2.2437613,0.9320886235726924,2.0357692820162963,0.034039848,2.2024984,2.0216398,0.96118695,0.82853544,0.35744503,1.2907738587218793
2015-01-01 21:00:00,1,2.258258,1.007273067628942,2.054051277614586,0.044844605,2.2567952,2.065409,0.97679925,0.8740227,0.31620792,1.317073450560101
2015-01-01 21:30:00,1,2.3079402,1.2383056095899772,2.0847814688036244,0.034811612,2.3037267,2.1128983,0.9850254,0.91610086,0.27061325,1.3615781640908347
2015-01-01 22:00:00,1,2.3806796,1.090888776559158,2.140087722985217,0.0703987,2.3675437,2.1816964,0.94926304,0.96473575,0.2523079,1.3775112885487073
2015-01-01 22:30:00,1,2.4613924,1.1725021804170055,2.2011469365093594,0.07884528,2.4309683,2.2598739,1.0693654,1.0109656,0.23728564,1.4358161733738772
2015-01-01 23:00:00,1,2.560724,0.9551447545176881,2.2726339034866863,0.15859467,2.5117905,2.3657863,1.0592289,1.0741206,0.23127632,1.465477781133715
2015-01-01 23:30:00,1,2.6255922,0.8585111683963316,2.3123688874441024,0.18972264,2.5923586,2.4505827,0.7853846,1.1157875,0.23844273,1.4631945663487054
2015-01-02 00:00:00,1,2.5330474,0.8837933230279944,2.4077285830059356,0.2621402,2.6257885,2.5512352,0.8724202,1.0718794,0.24102686,1.4943399610536823
2015-01-02 00:30:00,1,2.448794,0.9104773454044732,2.4680889843676845,0.25849578,2.5089664,2.5005531,0.87148637,0.96789247,0.20045717,1.4594679530124843
2015-01-02 01:00:00,1,2.2246106,0.7675429231648909,2.4833709339830587,0.3449767,2.3389883,2.3766825,0.7942683,0.82805663,0.15795356,1.3684944939531505
2015-01-02 01:30:00,1,2.0572605,0.8349812270119639,2.4767263557244577,0.42391142,2.1600132,2.2350497,0.74364203,0.7095446,0.14546628,1.3096217062367783
2015-01-02 02:00:00,1,1.8786073,0.840458699646744,2.4281013144104016,0.44509217,1.9691749,2.0837402,0.6784411,0.5954355,0.14912714,1.2297975892146413
2015-01-02 02:30:00,1,1.8600368,0.7639634164832678,2.313430156859191,0.4821799,1.7626354,1.9126673,0.5819922,0.47702143,0.16203967,1.1462184733614542
2015-01-02 03:00:00,1,1.799593,0.8406518574326931,2.176674737862442,0.49641475,1.5691682,1.7426391,0.5184373,0.37218243,0.19061428,1.0784861811784312
2015-01-02 03:30:00,1,1.7401626,0.6670313266577441,2.0431778546425736,0.5177671,1.4033298,1.5823209,0.48280177,0.2912417,0.22855358,0.9951540767474876
2015-01-02 04:00:00,1,1.6376357,0.6695994725615364,1.9394437997635867,0.5087631,1.2851405,1.4537418,0.46913835,0.23154318,0.26610845,0.9401238165507411
2015-01-02 04:30:00,1,1.5970926,0.8973456312351331,1.8994273023315604,0.5299438,1.2393984,1.3966471,0.44913125,0.20238186,0.3103212,0.9468543520199064
2015-01-02 05:00:00,1,1.58708,0.6726545508204538,1.8883344546974272,0.53238773,1.2229314,1.3780035,0.4345224,0.18917729,0.34941888,0.9171677958249957
2015-01-02 05:30:00,1,1.5807443,0.8146323435447105,1.887145030438055,0.5096206,1.2117287,1.3765596,0.43133995,0.18415363,0.3772464,0.930352282770618
2015-01-02 06:00:00,1,1.5706816,0.8513561024613612,1.885732985010676,0.45439628,1.1953465,1.3776587,0.436895,0.18674706,0.38788846,0.9274114077737681
2015-01-02 06:30:00,1,1.4948027,0.7528286760455547,1.872754567164756,0.38708094,1.1717607,1.369439,0.4485063,0.1938993,0.38656518,0.8975152618177726
2015-01-02 07:00:00,1,1.5079026,0.8613289974173224,1.839691044522357,0.3608408,1.1455504,1.3518313,0.45566088,0.19899783,0.38015273,0.9002173984312419
2015-01-02 07:30:00,1,1.4503317,0.7705589990160568,1.7859810694046332,0.30261517,1.1144072,1.3197256,0.4428404,0.19922654,0.3716578,0.8619271628760542
2015-01-02 08:00:00,1,1.3702505,0.7463502732973737,1.7156825250166312,0.27191597,1.0800191,1.2779107,0.41816774,0.19734769,0.36278856,0.8267147826247645
2015-01-02 08:30:00,1,1.3509035,0.6163849415777722,1.6365965649909517,0.18380576,1.0361474,1.2189859,0.38769567,0.19156505,0.3375809,0.773296184869004
2015-01-02 09:00:00,1,1.3159213,0.6631295385253733,1.5656805499405717,0.15027672,0.9962591,1.1615435,0.34459105,0.19110996,0.31946746,0.745331017687402
2015-01-02 09:30:00,1,1.2096453,0.559192064021385,1.5095842579700745,0.108987115,0.96123904,1.1070659,0.3086766,0.19269909,0.30014703,0.6952484868283819
2015-01-02 10:00:00,1,1.2501264,0.5928625796668605,1.4679826324186767,0.079960056,0.933873,1.0602841,0.27458358,0.19522642,0.28957355,0.6827191454882414
2015-01-02 10:30:00,1,1.2229247,0.44852940701961863,1.4454572089695228,0.018390102,0.9168394,1.0293688,0.26396066,0.1998883,0.28681436,0.648019214645418
2015-01-02 11:00:00,1,1.2438726,0.5960581460247116,1.42855859335873,0.011015428,0.9054477,1.0089722,0.2558485,0.20141517,0.28022647,0.659046092447981
2015-01-02 11:30:00,1,1.2435379,0.5547757806879972,1.4211555151872708,0.044037372,0.8985483,0.9989952,0.25048238,0.19796263,0.28093618,0.6544923610293818
2015-01-02 12:00:00,1,1.2403159,0.5699013199146332,1.4156504249900959,0.09214426,0.89165765,0.99244064,0.24255088,0.19241844,0.28409544,0.6579083295560118
2015-01-02 12:30:00,1,1.2393389,0.6289194015107373,1.412016866893604,0.10895166,0.88439494,0.98802954,0.24028876,0.18376715,0.2875041,0.6636901455935743
2015-01-02 13:00:00,1,1.2396431,0.5032028092675827,1.4080517560114645,0.07868119,0.87602943,0.9839744,0.23538782,0.17458168,0.28865087,0.6431336720630373
2015-01-02 13:30:00,1,1.2396517,0.4609177887720666,1.406700812456969,0.115597434,0.8706158,0.97996616,0.2370083,0.16838028,0.28838763,0.6408028738593883
2015-01-02 14:00:00,1,1.2402163,0.46878586330842253,1.4055566843063523,0.14509614,0.86697364,0.9746059,0.23592663,0.16854157,0.29163522,0.6441486562578107
2015-01-02 14:30:00,1,1.2416549,0.32824227309142806,1.4065016716133054,0.15071289,0.8641706,0.970213,0.23272508,0.16800931,0.29303268,0.6283624875214588
2015-01-02 15:00:00,1,1.2416589,0.2900903476062222,1.4099780264341426,0.15281382,0.86240894,0.9674336,0.2340691,0.16341747,0.29456967,0.6240488742857774
2015-01-02 15:30:00,1,1.2421205,0.2327928015807288,1.4176627506541886,0.16666278,0.8622891,0.9675651,0.2362101,0.15907474,0.29897198,0.6203722046364976
2015-01-02 16:00:00,1,1.2376025,0.24581705690931344,1.4186908913055074,0.10024782,0.8573758,0.96963644,0.2346845,0.15500146,0.29808667,0.6130159017504379
2015-01-02 16:30:00,1,1.2332048,0.3065211869869717,1.4100560830456206,0.04943975,0.8482268,0.9672804,0.23230909,0.15581758,0.30017805,0.6114481953450517
2015-01-02 17:00:00,1,1.2290785,0.37138032795133924,1.391836382486006,0.13154732,0.84387946,0.9631944,0.22741741,0.15833093,0.3023774,0.6243380149590757
2015-01-02 17:30:00,1,1.2197316,0.4857116561703201,1.3762156621684665,0.22085805,0.8423321,0.9554769,0.22789715,0.1675528,0.30776194,0.6448375370507146
2015-01-02 18:00:00,1,1.2042537,0.5279083033983802,1.3566475664208006,0.2471839,0.8357566,0.9436298,0.2279886,0.17906241,0.3153371,0.6486408835783553
2015-01-02 18:30:00,1,1.1821866,0.6455304412256844,1.341282625495921,0.28144184,0.8248867,0.9270333,0.24439585,0.18965122,0.32448804,0.6623218455050441
2015-01-02 19:00:00,1,1.1845961,0.5643641131881001,1.320675842100556,0.3269762,0.8039096,0.89761424,0.25695,0.19697158,0.3364142,0.6542746474246722
2015-01-02 19:30:00,1,1.1344006,0.7949160176619223,1.2910576077770868,0.23848008,0.7666964,0.85978436,0.26062557,0.19364458,0.34268385,0.6535876746594466
2015-01-02 20:00:00,1,1.0413327,0.7410194765256595,1.2551104685643266,0.16850644,0.7272058,0.8205713,0.24997738,0.18340977,0.34434912,0.6146091653429325
2015-01-02 20:30:00,1,1.0280585,0.6555510020968676,1.221154745153422,0.14762582,0.6891972,0.7806162,0.22226706,0.1735677,0.34417966,0.5846908800473446
2015-01-02 21:00:00,1,0.9666724,0.6758578647860709,1.1865907797019717,0.1283745,0.65226203,0.74100184,0.18769772,0.16588363,0.34574386,0.5611205180319355
2015-01-02 21:30:00,1,0.912107,0.6944493016905007,1.1576372271070792,0.13489164,0.6188006,0.70597273,0.16382279,0.16792893,0.3459131,0.5446137007364116
2015-01-02 22:00:00,1,0.88522923,0.7444289498498016,1.1245000596205426,0.2202149,0.57338786,0.65833974,0.14752495,0.16981515,0.34916833,0.5414010198947456
2015-01-02 22:30:00,1,0.8500278,0.7981341428364352,1.0826345234725716,0.22930463,0.53071517,0.613612,0.15142217,0.16946074,0.35367134,0.5309980571978499
2015-01-02 23:00:00,1,0.7857474,0.599206503079845,1.0233279968440914,0.1837703,0.4866876,0.5636442,0.14575082,0.15521556,0.35058865,0.47710433451782247
2015-01-02 23:30:00,1,0.73544407,0.4341888329956607,0.9726818284269242,0.21288311,0.45507324,0.5175915,0.07816233,0.14127506,0.34624785,0.43261642238000747
2015-01-03 00:00:00,1,0.6885787,0.5118953077492971,0.9219812604879251,0.15920235,0.4189727,0.48151872,0.10838214,0.14145838,0.33256593,0.4182839461674599
2015-01-03 00:30:00,1,0.6961477,0.6015102514163342,0.8938225846320921,0.0981469,0.4091648,0.46932235,0.0725566,0.13591978,0.32040197,0.41077698921016215
2015-01-03 01:00:00,1,0.669039,0.6546397076650852,0.8652141220989277,0.053684477,0.40431574,0.45511255,0.06402665,0.1259329,0.30161998,0.3992872365837499
2015-01-03 01:30:00,1,0.65250015,0.5332008571293372,0.8368932198867617,0.008357113,0.40258658,0.44125018,0.05247367,0.11714889,0.26972795,0.36823762283834965
2015-01-03 02:00:00,1,0.62893367,0.3436049405496764,0.8221560977596748,0.065253586,0.40605688,0.43529767,0.048646323,0.10965237,0.23797286,0.34417493223548107
2015-01-03 02:30:00,1,0.59990203,0.3385168873171498,0.8121644758642067,0.12275033,0.40834478,0.43068862,0.04466931,0.104198985,0.19826345,0.3399443185314077
2015-01-03 03:00:00,1,0.59592354,0.38308384344022706,0.8065800180462274,0.17334402,0.40932995,0.42633796,0.04586764,0.10331082,0.16484876,0.34540295027396634
2015-01-03 03:30:00,1,0.58295524,0.24851324467218738,0.8013591443597462,0.23761515,0.40911952,0.42077234,0.043480545,0.10553914,0.13106106,0.3311572660553772
2015-01-03 04:00:00,1,0.57381094,0.2677850141779814,0.8011621099692704,0.2773612,0.41084844,0.41645953,0.0425114,0.109339476,0.0995157,0.33319931299750843
2015-01-03 04:30:00,1,0.5709238,0.3212181467228117,0.8047148126703284,0.4233969,0.41025892,0.41378397,0.044126358,0.11418347,0.08557182,0.354242020340482
2015-01-03 05:00:00,1,0.55547893,0.34038532661195475,0.8057649237756989,0.47947875,0.4070863,0.4094243,0.042115886,0.118967004,0.07884516,0.3597273992611816
2015-01-03 05:30:00,1,0.5509416,0.25858131695013853,0.8033792697928099,0.49645764,0.39923057,0.40118113,0.04003021,0.12469883,0.07636824,0.3500965330155239
2015-01-03 06:00:00,1,0.5481652,0.2340579812332546,0.7967902400305064,0.49572876,0.38635,0.38938424,0.041356687,0.12737522,0.08311921,0.34470306061279715
2015-01-03 06:30:00,1,0.551353,0.27399383265816724,0.785767671334543,0.45774063,0.36917588,0.37369865,0.04358076,0.12206121,0.09252253,0.3410993498131339
2015-01-03 07:00:00,1,0.5532229,0.3335924476523857,0.7626853046086624,0.45726895,0.34670952,0.35317782,0.04156358,0.11527966,0.10380246,0.34081140381215735
2015-01-03 07:30:00,1,0.54287004,0.26553718455364006,0.7318032536117584,0.4122063,0.32534027,0.33223802,0.037905905,0.11121669,0.118083596,0.31968902809179844
2015-01-03 08:00:00,1,0.5086943,0.43980336267744846,0.685703518234756,0.38750967,0.30805695,0.3119657,0.04108991,0.10714116,0.13457623,0.3249489780137958
2015-01-03 08:30:00,1,0.46323133,0.4437002955222944,0.6451941880916386,0.2845215,0.2962737,0.2977624,0.037604857,0.10335526,0.1436169,0.3016956019090243
2015-01-03 09:00:00,1,0.43252003,0.5425244657456343,0.6099620424316675,0.22475235,0.28826836,0.28587914,0.033943716,0.100657724,0.14889982,0.29637862756700223
2015-01-03 09:30:00,1,0.39788067,0.48108320700330864,0.5900640584382849,0.13647065,0.2821188,0.27624893,0.033713542,0.09898377,0.15242808,0.2721101892664893
2015-01-03 10:00:00,1,0.37733448,0.5648887719374542,0.5811205590385348,0.10654318,0.2800729,0.27080998,0.033793904,0.10067048,0.15460837,0.2744269575264696
2015-01-03 10:30:00,1,0.36103177,0.5617368179176925,0.5791599335428013,0.011872949,0.27904674,0.2671397,0.032539956,0.106203325,0.15449353,0.26146941393084666
2015-01-03 11:00:00,1,0.34565306,0.7106755917346224,0.577632928064445,0.015653452,0.27859497,0.2641074,0.03212481,0.11181161,0.15638228,0.27695956680549005
2015-01-03 11:30:00,1,0.32461977,0.5117993222571098,0.5817708233471295,0.10522145,0.2793133,0.26235017,0.03245276,0.11136198,0.1575274,0.2629352194167096
2015-01-03 12:00:00,1,0.31276822,0.4330170300284557,0.5916227564623282,0.16168915,0.28054115,0.2624002,0.03429867,0.10763722,0.16061316,0.26050972993274374
2015-01-03 12:30:00,1,0.31193817,0.5511544336450793,0.6149309040359973,0.24448273,0.2839839,0.2639657,0.03868213,0.106598824,0.16701072,0.2869719433930739
2015-01-03 13:00:00,1,0.31018126,0.5341126332645736,0.6452153594192187,0.30073607,0.2891659,0.26621866,0.042778805,0.10827653,0.1780423,0.2971919474873437
2015-01-03 13:30:00,1,0.3140601,0.5724523951024594,0.6751343635874348,0.30416614,0.2933451,0.26885727,0.04241718,0.11587754,0.18843852,0.3083053990654166
2015-01-03 14:00:00,1,0.31849718,0.5831970720724744,0.7032818774509395,0.2999643,0.2966787,0.27066588,0.044560917,0.12499285,0.1971499,0.31544318689642625
2015-01-03 14:30:00,1,0.31856441,0.5048576405795782,0.7324667532223749,0.31398475,0.30129418,0.27229118,0.046705887,0.12977973,0.20827653,0.31424678442799003
2015-01-03 15:00:00,1,0.32290614,0.5826186009618706,0.7567359369194163,0.30686733,0.30558273,0.2737336,0.04151962,0.1283833,0.21614541,0.3260547386779688
2015-01-03 15:30:00,1,0.31538332,0.4217901199987022,0.7624260488317205,0.25301507,0.30709836,0.2755935,0.040024232,0.12444221,0.22505744,0.3027589206408161
2015-01-03 16:00:00,1,0.3132738,0.43595711106604007,0.7670678541177832,0.21365488,0.30674747,0.28017476,0.035846863,0.123343095,0.22784059,0.3004340447106724
2015-01-03 16:30:00,1,0.31395638,0.4402744881192344,0.7649020814407133,0.11529731,0.30308735,0.28111765,0.042881973,0.12523194,0.2284021,0.2905723626457735
2015-01-03 17:00:00,1,0.31327724,0.456506627958003,0.7629870724408458,0.18454207,0.30192247,0.28219923,0.041284982,0.12882029,0.23176143,0.30036682410194326
2015-01-03 17:30:00,1,0.31265104,0.5734650430390822,0.7664553476143162,0.28731585,0.3033311,0.2835516,0.044086706,0.13644269,0.23340473,0.32674490083784824
2015-01-03 18:00:00,1,0.306939,0.6118468430414534,0.770204414470745,0.33096364,0.30551195,0.28421175,0.03743265,0.14015411,0.23897429,0.33624873952967443
2015-01-03 18:30:00,1,0.30334127,0.5572974920308145,0.7749462983788841,0.37422556,0.30819088,0.28385434,0.03955834,0.13614124,0.2487076,0.33625144692833053
2015-01-03 19:00:00,1,0.2953912,0.5382032631742621,0.7865501376763256,0.40428165,0.31073776,0.28338155,0.04242671,0.13089724,0.25802568,0.338877242573797
2015-01-03 19:30:00,1,0.2813455,0.45865506453105453,0.7900651378114131,0.34391218,0.3063091,0.2760237,0.056982156,0.12752222,0.2636941,0.32272323797651986
2015-01-03 20:00:00,1,0.26742017,0.367933561141637,0.7808789985731522,0.1964616,0.29892382,0.26459253,0.0798083,0.13323842,0.26552662,0.2949760031888744
2015-01-03 20:30:00,1,0.25370026,0.4148852808121912,0.771513236326708,0.15577227,0.29146826,0.25091287,0.07194159,0.1412472,0.27072865,0.2913521797068849
2015-01-03 21:00:00,1,0.2296071,0.40120236943117327,0.7576778971205648,0.21271162,0.27536443,0.22861062,0.054234885,0.14772445,0.26863253,0.2861962114776246
2015-01-03 21:30:00,1,0.20841455,0.45029563410235696,0.7433772969079041,0.19376041,0.26155525,0.20789064,0.053393602,0.15232804,0.2693731,0.28226539225652647
2015-01-03 22:00:00,1,0.19439554,0.49199528082422184,0.7360729053317642,0.2524148,0.25368482,0.19466753,0.04374283,0.15825428,0.27249894,0.288636324533934
2015-01-03 22:30:00,1,0.1884619,0.5038282184503924,0.7283640305522696,0.2436681,0.2471006,0.18490589,0.06085885,0.16526543,0.27215388,0.2882896550996002
2015-01-03 23:00:00,1,0.17556465,0.32608531433283083,0.7136627328598147,0.23217732,0.23736584,0.17553435,0.102282695,0.17472216,0.2811902,0.26873169474025044
2015-01-03 23:30:00,1,0.16052473,0.31338528157583134,0.7027730548451969,0.28397155,0.23065753,0.17006002,0.03009457,0.18770307,0.28012997,0.26214441984286746
2015-01-04 00:00:00,1,0.14737058,0.40337090605564896,0.690403674483683,0.22471687,0.21809217,0.1634411,0.046483878,0.19137579,0.28249896,0.26308377057656823
2015-01-04 00:30:00,1,0.14754927,0.3656905895778628,0.6878584603544399,0.11160997,0.20583203,0.15818702,0.03636967,0.18528885,0.281967,0.24226143071922346
2015-01-04 01:00:00,1,0.1438291,0.505120664168965,0.683084972283265,0.093001775,0.19139062,0.1452677,0.042009395,0.1773239,0.2814656,0.2513881900421549
2015-01-04 01:30:00,1,0.13906825,0.6405912915873859,0.6857909839159796,0.00030384262,0.17656805,0.13194104,0.043645766,0.16978414,0.2828282,0.25228017406657177
2015-01-04 02:00:00,1,0.13900447,0.46527782368468884,0.6889447567902682,0.05500621,0.16274822,0.11760075,0.04550501,0.16119954,0.28414568,0.23549249508119777
2015-01-04 02:30:00,1,0.14843106,0.4540689594033118,0.7009594207462906,0.16575496,0.15371062,0.10854995,0.049643658,0.15617114,0.28275928,0.24667211701406366
2015-01-04 03:00:00,1,0.1564486,0.5470021720427329,0.710605068753518,0.22106501,0.14815922,0.102039054,0.053469554,0.15607674,0.28596514,0.2645367305941232
2015-01-04 03:30:00,1,0.16038966,0.496258359075183,0.7169442849521194,0.268786,0.14425373,0.098553546,0.05674194,0.15622228,0.28663057,0.2649755991042797
2015-01-04 04:00:00,1,0.16266537,0.4689356443971775,0.7207372116992211,0.32366732,0.14409468,0.10074305,0.047316395,0.15741195,0.29402286,0.2688438294732981
2015-01-04 04:30:00,0,0.1637801,0.5850589946837541,0.7217203729462847,0.4334299,0.14014234,0.10029438,0.042910527,0.16019532,0.2946691,0.2935778906118378
2015-01-04 05:00:00,0,0.16375256,0.5936735628713681,0.7218969541182216,0.4865104,0.13702144,0.100554705,0.044089686,0.16349123,0.29563242,0.3007358836747939
2015-01-04 05:30:00,0,0.16327846,0.6662404759051856,0.7217411060432191,0.5069194,0.13591944,0.101312526,0.04315202,0.16752836,0.29570588,0.31131085044390683
2015-01-04 06:00:00,0,0.1624552,0.7297841708542698,0.7201257363266851,0.50451833,0.13636929,0.10083732,0.04114062,0.17010745,0.29877514,0.3182348062979833
2015-01-04 06:30:00,0,0.16187644,0.5789377969282476,0.7189814387759869,0.48483825,0.13965765,0.10038075,0.041581456,0.16986376,0.30237687,0.29983271115663884
2015-01-04 07:00:00,0,0.16068769,0.515800526731093,0.7156978096913783,0.47879273,0.14176151,0.099269755,0.04329805,0.17255506,0.3056464,0.2926121683173741
2015-01-04 07:30:00,0,0.15915334,0.3893177602232658,0.713369935866731,0.43381578,0.14384454,0.09912487,0.045517907,0.1779928,0.30944732,0.2746204736023759
2015-01-04 08:00:00,0,0.15502584,0.37823274842699384,0.7082557915968312,0.4062465,0.14360005,0.09938653,0.04458616,0.18311848,0.3122789,0.27008122233883775
2015-01-04 08:30:00,0,0.15204632,0.4091582467404642,0.7062688022927578,0.33202815,0.14535046,0.100854374,0.050470993,0.18788838,0.31691888,0.266776067739546
2015-01-04 09:00:00,0,0.15036142,0.400239830640567,0.703611386387778,0.28495026,0.14789765,0.10274902,0.045772634,0.18701524,0.32315135,0.2606387530760462
2015-01-04 09:30:00,0,0.15139031,0.36693121070810975,0.7056252292873834,0.21814945,0.15184978,0.104726,0.051128514,0.1817271,0.33025935,0.2513096610108708
2015-01-04 10:00:00,0,0.15208662,0.41071059698319523,0.70685443310503,0.14650363,0.15422496,0.10485257,0.047842383,0.17464094,0.33143225,0.24768315357523926
2015-01-04 10:30:00,0,0.15378082,0.46481234591090725,0.7076804868243111,0.043901324,0.15734376,0.10318264,0.045836877,0.17032574,0.33342096,0.24225388434695289
2015-01-04 11:00:00,0,0.15803266,0.49953701339199696,0.7088262942453011,0.036655284,0.16196635,0.102366656,0.039939724,0.16796206,0.33301857,0.2453671791070395
2015-01-04 11:30:00,0,0.16345799,0.44297450829453844,0.7080836811140023,0.0030479042,0.16795155,0.10396081,0.04170595,0.16785361,0.33719483,0.23735898216520582
2015-01-04 12:00:00,0,0.16610813,0.5329894413901002,0.7036631344300732,0.039149508,0.17358072,0.1074748,0.03638976,0.16732694,0.3340906,0.2511970028711122
2015-01-04 12:30:00,0,0.16615725,0.5584004878555344,0.6884852627517435,0.07100639,0.17601176,0.10983142,0.03455013,0.16642824,0.330751,0.2557357703000998
2015-01-04 13:00:00,0,0.16201091,0.4282605984480785,0.6632438919868328,0.08391206,0.17398259,0.10928496,0.035497032,0.1644097,0.32595792,0.23850662907624537
2015-01-04 13:30:00,0,0.15838313,0.560067002951568,0.6367813160342117,0.06513237,0.17045136,0.10985773,0.035169527,0.16262965,0.30665764,0.24501441430291418
2015-01-04 14:00:00,0,0.15179121,0.6566125936783891,0.6087218091956694,0.06809082,0.16645549,0.110243864,0.036255326,0.16116534,0.29772437,0.25078453637990095
2015-01-04 14:30:00,0,0.14557171,0.5438103369476028,0.5741798362939339,0.08592724,0.16105759,0.10704302,0.03675194,0.16043231,0.29129615,0.2340077931506811
2015-01-04 15:00:00,0,0.14030921,0.5191490438283957,0.5424811664257677,0.039921276,0.15660709,0.10539163,0.042812657,0.15899171,0.27889195,0.22050619315478215
2015-01-04 15:30:00,0,0.13643682,0.4922889392578593,0.5215155715620711,0.08142526,0.15557288,0.10459664,0.03758048,0.15581712,0.27416816,0.217711318349178
2015-01-04 16:00:00,0,0.13491368,0.34309885691337527,0.5072175565419587,0.0643606,0.15687966,0.10656165,0.04023882,0.15277188,0.27440274,0.19782727219585208
2015-01-04 16:30:00,0,0.13446653,0.4742926121091777,0.5074688100063538,0.05214094,0.15802126,0.11133812,0.040865622,0.1486341,0.26427683,0.21016720352437396
2015-01-04 17:00:00,0,0.13636148,0.47100648773840526,0.508411263677305,0.047124445,0.16111547,0.11132098,0.039000526,0.14532596,0.2635927,0.20925103323152117
2015-01-04 17:30:00,0,0.13955545,0.34514499082120764,0.5006413754075777,0.075765625,0.16310789,0.10823671,0.038552713,0.14408094,0.25288206,0.19644086141437583
2015-01-04 18:00:00,0,0.14795828,0.3080764300088248,0.4892129167510605,0.06388897,0.16618448,0.110587426,0.042706266,0.14176644,0.24075238,0.19012595521138442
2015-01-04 18:30:00,0,0.15582907,0.4090155669616742,0.47403912172251883,0.07915282,0.16827057,0.11490683,0.04050486,0.13588639,0.2241616,0.200196314615458
2015-01-04 19:00:00,0,0.16774893,0.46330786923404865,0.4678740267120618,0.0119587,0.17791378,0.12747076,0.047982786,0.124428034,0.20517498,0.19931776360390863
2015-01-04 19:30:00,0,0.17364216,0.3164424360431024,0.4543875890694812,0.14638242,0.17655456,0.13192339,0.045593582,0.11809825,0.19045681,0.19483124435344829
2015-01-04 20:00:00,0,0.177773,0.2260803212797029,0.4467560049184872,0.07319306,0.17394935,0.13995273,0.060759198,0.121964686,0.18399665,0.1782694438415997
2015-01-04 20:30:00,0,0.18039703,0.34452455677357996,0.4447322889402172,0.010072153,0.17196779,0.14719342,0.0634361,0.12575562,0.18807423,0.1862392434975773
2015-01-04 21:00:00,0,0.19379878,0.33195052425437055,0.4698080306167226,0.12712367,0.18449724,0.16009676,0.079127416,0.12558186,0.18547195,0.20638402604341627
2015-01-04 21:30:00,0,0.19710565,0.34031643043119786,0.47813097332652266,0.08116059,0.1857737,0.16110301,0.06959999,0.11704631,0.17937753,0.2010682424073914
2015-01-04 22:00:00,0,0.20134056,0.2259148928516037,0.4875479054454187,0.13098252,0.19256914,0.16079526,0.08483396,0.1048919,0.18592876,0.1972005431850326
2015-01-04 22:30:00,0,0.19961345,0.4786712644092397,0.5070463519813049,0.18723583,0.20035824,0.16083501,0.10134771,0.09830947,0.17982636,0.23480485538766985
2015-01-04 23:00:00,0,0.19271493,0.40519028118339584,0.5298173834530063,0.23881568,0.20873828,0.16242807,0.16561335,0.095152594,0.1855496,0.24266890801496294
2015-01-04 23:30:00,0,0.19178176,0.30125214053422233,0.5418241077008598,0.27311647,0.21801478,0.1625439,0.09045983,0.08557954,0.19410497,0.2287419426514678
2015-01-05 00:00:00,0,0.18294597,0.3261825195901409,0.5483682096154546,0.3302702,0.20446652,0.17340052,0.11032538,0.07575595,0.20377733,0.23949917728264986
2015-01-05 00:30:00,0,0.16373587,0.21867573198874624,0.543352254788461,0.36062643,0.18563618,0.17109604,0.09224816,0.05546102,0.2308839,0.22463506382178167
2015-01-05 01:00:00,0,0.15447605,0.21675777189681789,0.5360696090271344,0.43746027,0.16869193,0.16424695,0.07425656,0.038742177,0.2625655,0.22814075702081407
2015-01-05 01:30:00,0,0.1436032,0.3224454777539023,0.5189187530123408,0.47193253,0.15124366,0.1538436,0.07134438,0.028737549,0.29438806,0.23960635643362405
2015-01-05 02:00:00,0,0.1393894,0.42485888172528163,0.49957303906300143,0.4938851,0.13754891,0.14549379,0.07346872,0.022096569,0.3358469,0.25246236750556306
2015-01-05 02:30:00,0,0.13104343,0.5127886366007193,0.4758735183792432,0.5207255,0.123768814,0.13685524,0.07021438,0.020412598,0.37349138,0.26279705489757527
2015-01-05 03:00:00,0,0.12733603,0.625129379990728,0.45500561948865004,0.54722285,0.11502613,0.13204731,0.07196065,0.01804845,0.41651422,0.27869895975076764
2015-01-05 03:30:00,0,0.12368178,0.36628162108290674,0.439328584691835,0.54344976,0.11121154,0.13055219,0.07012817,0.012449065,0.44921124,0.24958821694279573
2015-01-05 04:00:00,0,0.12571979,0.2924866072397734,0.42785041815922176,0.5354748,0.111067474,0.13144238,0.066440314,0.006989111,0.4797031,0.24190821876818225
2015-01-05 04:30:00,0,0.11904156,0.370310223029243,0.4236245489950691,0.5374471,0.110000096,0.13175155,0.06589737,0.0059098904,0.4944862,0.2509409498372021
2015-01-05 05:00:00,0,0.12114215,0.43654841297551883,0.4234710246472718,0.51004934,0.10975307,0.13240676,0.065389596,0.010092999,0.49781144,0.2562960877423226
2015-01-05 05:30:00,0,0.12255585,0.5820881585013531,0.42575934355288303,0.44299123,0.110240296,0.13239379,0.06685862,0.015533329,0.48713183,0.2650613834636037
2015-01-05 06:00:00,0,0.123069644,0.541708918573546,0.4333010020388607,0.3404747,0.111243755,0.13114223,0.064288326,0.020677667,0.46427882,0.24779833921298186
2015-01-05 06:30:00,0,0.12233734,0.5709421274544404,0.43487153229033737,0.16618372,0.114231504,0.12927568,0.07114697,0.021433108,0.43004647,0.22894093990517086
2015-01-05 07:00:00,0,0.122496605,0.6432209793671788,0.435013647910905,0.032667812,0.11835627,0.12739506,0.07291977,0.021504262,0.39324123,0.2185350711761177
2015-01-05 07:30:00,0,0.12094617,0.618438498398147,0.43722653958891233,0.08168252,0.1251539,0.1265627,0.07382721,0.023854064,0.35990652,0.21862201324573557
2015-01-05 08:00:00,0,0.11707437,0.38489661290095434,0.4367937592067218,0.14526764,0.1293141,0.12487915,0.06880315,0.022955531,0.33091122,0.19565505792181265
2015-01-05 08:30:00,0,0.11470914,0.3637969599120652,0.4348106882001863,0.15667266,0.13075294,0.12341259,0.067191616,0.02345124,0.31317258,0.1919967112798243
2015-01-05 09:00:00,0,0.110461235,0.33922804859814804,0.43060169643980817,0.10007632,0.124833114,0.11952203,0.06500564,0.024401829,0.29744208,0.1790635538811599
2015-01-05 09:30:00,0,0.11072624,0.4270828189950091,0.42807711965962714,0.0124377515,0.11835533,0.11571749,0.06960504,0.027207568,0.2920993,0.17792318330278384
2015-01-05 10:00:00,0,0.113334656,0.507947698014318,0.42522176344199636,0.055820856,0.11690488,0.113992505,0.0773547,0.029261395,0.2841085,0.1915496599803783
2015-01-05 10:30:00,0,0.11718273,0.47238935629433776,0.4227758877301253,0.03914209,0.118308164,0.11287472,0.06366023,0.031927027,0.28641924,0.18496438259675188
2015-01-05 11:00:00,0,0.12170935,0.6055427759963194,0.4207365243399772,0.049475208,0.119980186,0.11077925,0.06598536,0.033846796,0.28448948,0.20139388076511305
2015-01-05 11:30:00,0,0.12651229,0.6009452728385316,0.4196969786440392,0.019847887,0.12116305,0.10906378,0.063754536,0.03675386,0.28456694,0.19803384347491404
2015-01-05 12:00:00,0,0.13260055,0.4613826400886474,0.41875010215791597,0.00030384262,0.122245945,0.10861355,0.06336052,0.03802788,0.2864049,0.18129888141250414
2015-01-05 12:30:00,0,0.14086342,0.6518122079634416,0.4176296752882709,0.011101179,0.124127716,0.11008223,0.065700926,0.03857552,0.28752825,0.2052690132608729
2015-01-05 13:00:00,0,0.151932,0.4912018482975249,0.420046196912102,0.016717937,0.12626618,0.11239837,0.06714339,0.038571488,0.28679532,0.1901191922297721
2015-01-05 13:30:00,0,0.1566335,0.4363644417272159,0.422620378455286,0.006092102,0.12722078,0.113274924,0.06655334,0.039294146,0.28413227,0.1835762088612417
2015-01-05 14:00:00,0,0.15815687,0.4559920698701436,0.4232752092008608,0.038420618,0.12745076,0.112881236,0.06360278,0.038745828,0.2822845,0.18897887526423748
2015-01-05 14:30:00,0,0.1628927,0.5812409920602537,0.4225332442090043,0.09874717,0.12821561,0.11103305,0.06702764,0.0406997,0.2828977,0.21058753622653997
2015-01-05 15:00:00,0,0.16408408,0.4986435109288543,0.42341866529163885,0.13081841,0.1287927,0.108026855,0.06575539,0.044933084,0.28402323,0.2053884357769044
2015-01-05 15:30:00,0,0.1696024,0.45183220389493606,0.4219391949492025,0.09214426,0.13069975,0.106621936,0.074800014,0.047563426,0.28763092,0.19809267748084508
2015-01-05 16:00:00,0,0.17332888,0.4021839376877665,0.41973477327527153,0.0420222,0.13349272,0.10472756,0.07713702,0.046628106,0.28525633,0.18716794706562132
2015-01-05 16:30:00,0,0.17886221,0.5458356459792668,0.41925898368542613,0.011665984,0.13818826,0.10217629,0.07429639,0.043587647,0.28317782,0.19967213717897442
2015-01-05 17:00:00,0,0.17905784,0.4411609648189838,0.4162727880004804,0.115211554,0.14045385,0.09879321,0.07019577,0.04326737,0.2826662,0.1985643938299203
2015-01-05 17:30:00,0,0.17247653,0.42514221832815124,0.4138101048544338,0.20996752,0.14409392,0.09624479,0.072756514,0.045259368,0.28920346,0.20766160324041072
2015-01-05 18:00:00,0,0.1565367,0.4382203671135976,0.4052528155448968,0.29966417,0.14808126,0.093014106,0.06273088,0.04833938,0.29762822,0.2166075443272393
2015-01-05 18:30:00,0,0.14513326,0.462311740634215,0.3982840570868037,0.3230316,0.15201576,0.090937875,0.06906048,0.050475582,0.30744845,0.22207764511014247
2015-01-05 19:00:00,0,0.1204195,0.31835838087620694,0.3723801441899982,0.32680467,0.14436837,0.083223194,0.05199368,0.05320318,0.31678936,0.19861560809650117
2015-01-05 19:30:00,0,0.12232721,0.29045385669790313,0.3735963226144198,0.27037984,0.14871848,0.086593606,0.0546204,0.05979371,0.328595,0.19278649269316972
2015-01-05 20:00:00,0,0.12514782,0.11613722197335186,0.37718351296250985,0.20906714,0.15006241,0.08975156,0.055394292,0.06820396,0.3271814,0.1686810347921166
2015-01-05 20:30:00,0,0.12822688,0.12046222722596056,0.38067463505132315,0.13609217,0.14653774,0.09148283,0.079652414,0.07499096,0.3250512,0.16479678209614912
2015-01-05 21:00:00,0,0.10687351,0.24570820430599483,0.3573760401692079,0.12129994,0.12816381,0.082673766,0.056279022,0.07370957,0.32281682,0.16610007616054537
2015-01-05 21:30:00,0,0.10921502,0.3197213994348864,0.3566264337606304,0.062516935,0.12111889,0.08412212,0.052748814,0.07530518,0.31999484,0.1668188476804439
2015-01-05 22:00:00,0,0.10801673,0.5103270808511695,0.36018440259465756,0.0057416777,0.11245478,0.086457156,0.052374616,0.0804417,0.31297284,0.18099677599429131
2015-01-05 22:30:00,0,0.095724344,0.6480221191050592,0.35150286569054323,0.053677063,0.10029158,0.0860447,0.07499773,0.09688928,0.3066825,0.20153690877763786
2015-01-05 23:00:00,0,0.08812797,0.48293691171945774,0.33759476178416425,0.11627605,0.08598172,0.08367643,0.07152518,0.117604986,0.2963151,0.18667101195263694
2015-01-05 23:30:00,0,0.085475326,0.4644711420481791,0.32653622134915017,0.19855511,0.074614786,0.08424135,0.04405901,0.13232239,0.2876077,0.18865367037261516
2015-01-06 00:00:00,0,0.08189821,0.5695901463748285,0.3221700189478962,0.2745314,0.06744138,0.079738215,0.055629924,0.11923935,0.28182045,0.20578434344010263
2015-01-06 00:30:00,0,0.08139026,0.5078579720215775,0.32339424755880064,0.35873988,0.06447733,0.076265626,0.03044405,0.099296294,0.27899536,0.20231789231054936
2015-01-06 01:00:00,0,0.079298496,0.6117057472804692,0.32434625023869523,0.41932368,0.060607973,0.07028065,0.026526958,0.08426225,0.2750963,0.21682758951922582
2015-01-06 01:30:00,0,0.079256535,0.7009233085529125,0.32468316122257423,0.46670166,0.058499794,0.06566502,0.022228673,0.07935688,0.27367145,0.2301096085834557
2015-01-06 02:00:00,0,0.07935929,0.7727854563041614,0.32499787343055264,0.49375644,0.057970893,0.06334023,0.020585222,0.0809707,0.2748942,0.2409622574873005
2015-01-06 02:30:00,0,0.079318166,0.7068673842958475,0.3251166707616374,0.52025384,0.058122635,0.06247119,0.019550733,0.08352091,0.27156118,0.23630918910275112
2015-01-06 03:00:00,0,0.07938039,0.8173908111094281,0.3249711229481136,0.5437928,0.058372512,0.06247047,0.017099474,0.08339718,0.27215567,0.25100337990695326
2015-01-06 03:30:00,0,0.079381466,0.6925591691526112,0.32501585930007804,0.54752296,0.059086427,0.06351519,0.0138329845,0.077610545,0.2692615,0.236420678710321
2015-01-06 04:00:00,0,0.07935226,0.6487522246477422,0.3249166424088512,0.5401483,0.06042053,0.065399654,0.015318258,0.07353634,0.27042514,0.2309188183899307
2015-01-06 04:30:00,0,0.07886195,0.6882561144130399,0.32453573527771185,0.54242074,0.06261149,0.06839388,0.017017124,0.072174504,0.270774,0.23611617233389795
2015-01-06 05:00:00,0,0.07818282,0.7297937408811688,0.32519060653200194,0.52539897,0.06646339,0.07263261,0.020019688,0.07380961,0.27318108,0.24051916780186897
2015-01-06 05:30:00,0,0.076174855,0.823314652822086,0.32491702540033984,0.44037583,0.070906825,0.075825654,0.019509582,0.0763587,0.27241766,0.24220008801970305
2015-01-06 06:00:00,0,0.07597828,0.5862629741391068,0.3278844655501725,0.34754926,0.07690604,0.0798818,0.019042151,0.080936804,0.27302286,0.20749607074766696
2015-01-06 06:30:00,0,0.07603896,0.7186583542692944,0.3277048499072098,0.13737105,0.076746784,0.07866644,0.02005925,0.07726868,0.27139536,0.198212191402391
2015-01-06 07:00:00,0,0.07969105,0.6731819809949453,0.3260614481597939,0.016975194,0.075280204,0.07793953,0.023315998,0.07184188,0.27112612,0.17949037918620478
2015-01-06 07:30:00,0,0.08032942,0.5536234970628229,0.32553051884341233,0.15903084,0.070669174,0.0743789,0.025435112,0.06805236,0.2727854,0.18109280167107014
2015-01-06 08:00:00,0,0.08300495,0.5397691250594896,0.3231718768083056,0.23354934,0.066986114,0.0722258,0.02336058,0.063847445,0.2761529,0.18689646047746078
2015-01-06 08:30:00,0,0.08092141,0.49684497537380246,0.3223364987193197,0.24568327,0.06479067,0.07237718,0.022783678,0.059845287,0.28027546,0.18287315987254985
2015-01-06 09:00:00,0,0.08150828,0.3211662995933082,0.3160924485404304,0.1657195,0.06352057,0.07455094,0.015294077,0.057508938,0.28219578,0.15306186971783195
2015-01-06 09:30:00,0,0.07751596,0.275343565579826,0.31184885128948514,0.09004333,0.061853845,0.07580595,0.016322387,0.05883075,0.28231898,0.13887595703289557
2015-01-06 10:00:00,0,0.075885296,0.25698673714954623,0.31186365170095565,0.0059205987,0.060342807,0.07525776,0.028453194,0.06362671,0.28051713,0.12876154281689964
2015-01-06 10:30:00,0,0.07416797,0.326534051472704,0.31782395674329145,0.00029642537,0.06095836,0.074222185,0.02678241,0.06677482,0.27988833,0.1363831677125715
2015-01-06 11:00:00,0,0.07705033,0.4586347032087357,0.32444889195765725,0.03262494,0.06345829,0.07415573,0.02803054,0.06839252,0.27945563,0.15625017631161964
2015-01-06 11:30:00,0,0.07793558,0.4504305054933653,0.330923491964891,0.015310447,0.065509215,0.0732263,0.016705304,0.063166656,0.27865538,0.1524292087203636
2015-01-06 12:00:00,0,0.07790434,0.32992792449127606,0.3375187453388854,0.030016918,0.06774972,0.07324866,0.021011388,0.057907127,0.27816972,0.14149494952275557
2015-01-06 12:30:00,0,0.07847643,0.34608925601425966,0.3465235859811998,0.010979968,0.069501296,0.07452105,0.02383779,0.0592419,0.277958,0.1430143642849836
2015-01-06 13:00:00,0,0.08175218,0.2695654485892742,0.35811960709661794,0.012987725,0.071378216,0.07795593,0.027871856,0.062234245,0.2772628,0.1376808909274753
2015-01-06 13:30:00,0,0.08342135,0.2804515846950597,0.36751817771972084,0.026372457,0.072202705,0.08017773,0.026220076,0.065984614,0.27758703,0.1422150802066025
2015-01-06 14:00:00,0,0.08764267,0.32805483608833974,0.3802692090996884,0.03447602,0.07288988,0.083276995,0.02401337,0.064676516,0.2760707,0.15015224535672736
2015-01-06 14:30:00,0,0.08835554,0.439781087550001,0.3825092784429489,0.10770825,0.073298864,0.083146505,0.023257403,0.05915446,0.2772082,0.17049106659977153
2015-01-06 15:00:00,0,0.08834672,0.40488371208514984,0.3814847246542259,0.11504006,0.073871575,0.08226364,0.021890284,0.05345642,0.27605203,0.16636546221050186
2015-01-06 15:30:00,0,0.088127255,0.3459751357180423,0.3818325656259737,0.08001034,0.07493002,0.08265074,0.023859646,0.05036826,0.27477428,0.1558364721597039
2015-01-06 16:00:00,0,0.08643079,0.2332817523189874,0.38178617209929866,0.008321655,0.07688064,0.08389094,0.038696285,0.049702305,0.27591524,0.13721175243961983
2015-01-06 16:30:00,0,0.082522035,0.27684329949539155,0.3814484435758958,0.009950942,0.077965364,0.08355794,0.027154297,0.048694663,0.27512172,0.14036207810970472
2015-01-06 17:00:00,0,0.08230555,0.2573125105608707,0.3821308276129918,0.083268926,0.07953388,0.08492048,0.027406104,0.04646222,0.27363136,0.14633020720087114
2015-01-06 17:30:00,0,0.086663485,0.3329510903872439,0.3817282593670801,0.18805788,0.077856354,0.086629435,0.027096704,0.043573286,0.2745301,0.16656517905704074
2015-01-06 18:00:00,0,0.08554685,0.4480985578964276,0.37695327615605523,0.30901113,0.07295943,0.086872846,0.02661536,0.040963095,0.27416492,0.1912428292952952
2015-01-06 18:30:00,0,0.08790243,0.2986959647363907,0.37115154432046826,0.34849995,0.06763766,0.08727792,0.026325844,0.03952063,0.2747723,0.1779760252867068
2015-01-06 19:00:00,0,0.09037387,0.3100636870674336,0.3704533839801277,0.32363185,0.063854344,0.08912528,0.02698773,0.042429216,0.2732952,0.1766905071762024
2015-01-06 19:30:00,0,0.09729397,0.18004640276869033,0.3807673374046323,0.2750962,0.065350145,0.09389293,0.029454507,0.050178006,0.27252904,0.16051206078566255
2015-01-06 20:00:00,0,0.10145521,0.11204571029334254,0.3829114084582149,0.26107576,0.069387056,0.097059295,0.028168261,0.060569882,0.27515456,0.1542030166720849
2015-01-06 20:30:00,0,0.1036824,0.19251233581040417,0.3852280945122606,0.22587454,0.07435056,0.09771959,0.029741377,0.06571713,0.27807105,0.1614330079254594
2015-01-06 21:00:00,0,0.10925794,0.3453368009021336,0.389084130154951,0.22330198,0.08030728,0.09720526,0.03572296,0.067025,0.28047848,0.18085775794430453
2015-01-06 21:30:00,0,0.108674645,0.4367017130893487,0.39047937919598585,0.21661332,0.08468258,0.09389134,0.03896627,0.06702683,0.28385776,0.19121042626690196
2015-01-06 22:00:00,0,0.11077452,0.4661276715344709,0.3922800431408241,0.1199708,0.091914326,0.09533792,0.035209905,0.068005875,0.28314334,0.18475159974676897
2015-01-06 22:30:00,0,0.12970161,0.3474150981623332,0.4133366463570146,0.025000425,0.10316256,0.10332984,0.04042999,0.08243063,0.28048718,0.16947710884231937
2015-01-06 23:00:00,0,0.14366496,0.25234716519616107,0.43556452224558095,0.061652,0.11550796,0.112199545,0.065074615,0.10607924,0.27674234,0.17431470524360465
2015-01-06 23:30:00,0,0.14867067,0.4309397422472401,0.44783504292908327,0.14084399,0.1277238,0.11901402,0.03782497,0.121875376,0.27218127,0.20521209768955428
2015-01-07 00:00:00,0,0.15373039,0.3208989705809806,0.45912089249523,0.2578955,0.12758341,0.119913734,0.07662296,0.111114256,0.26879817,0.21063092170238504
2015-01-07 00:30:00,0,0.15343785,0.2819571960244005,0.46301955067147615,0.32516798,0.12430415,0.11800301,0.048919316,0.10244129,0.26419774,0.20904978766569832
2015-01-07 01:00:00,0,0.15294933,0.3392642616777035,0.46496498539902953,0.38562316,0.121059425,0.11629687,0.046281695,0.097280174,0.25805977,0.22019774163248618
2015-01-07 01:30:00,0,0.15377498,0.3738154697894096,0.46695137075498605,0.44946554,0.118873924,0.115168795,0.047276117,0.097097665,0.2554163,0.23087112946279106
2015-01-07 02:00:00,0,0.15436769,0.35405892325839083,0.46824102462346373,0.48466673,0.117454425,0.114677876,0.04392327,0.097869046,0.252057,0.23192399677238607
2015-01-07 02:30:00,0,0.15467131,0.41303748255154815,0.4689436924790169,0.5130507,0.116676606,0.11434985,0.04204118,0.09942849,0.25030792,0.24138968930589882
2015-01-07 03:00:00,0,0.15472806,0.35932887731047813,0.4692998671982537,0.5293864,0.116326325,0.113676436,0.042558365,0.098941386,0.24755742,0.2368670142718938
2015-01-07 03:30:00,0,0.15508056,0.39858535803202066,0.4697308025925997,0.541649,0.11654742,0.11311401,0.045382366,0.09493751,0.24553005,0.2422841176926424
2015-01-07 04:00:00,0,0.15517974,0.498170544720292,0.4699362407001634,0.53487456,0.117009655,0.1130865,0.047803413,0.09584498,0.24096772,0.25254148302849555
2015-01-07 04:30:00,0,0.15517604,0.5204140238469712,0.4698877038941961,0.538176,0.11639525,0.114548594,0.053280346,0.09986679,0.24418284,0.25688084374856124
2015-01-07 05:00:00,0,0.15523231,0.5719023461559196,0.4698164711599151,0.5287862,0.114044346,0.11713317,0.05423971,0.09770248,0.24777566,0.26184807500489754
2015-01-07 05:30:00,0,0.15518427,0.451058397550284,0.46984874924066644,0.45083755,0.112582676,0.119440846,0.060553845,0.09438984,0.2445103,0.2398229410592416
2015-01-07 06:00:00,0,0.15565228,0.3745906150482359,0.46988294964408195,0.34694898,0.11428889,0.12143365,0.06320861,0.096837424,0.24747923,0.22114695957059985
2015-01-07 06:30:00,0,0.15489435,0.40190785464216994,0.47003535447829703,0.13256893,0.117708005,0.122054376,0.05642894,0.09869914,0.24863523,0.20032579739323753
2015-01-07 07:00:00,0,0.15395498,0.3810875940697933,0.47059145443722694,0.009179175,0.12425828,0.12558347,0.05098713,0.10147462,0.24973154,0.1852053605647667
2015-01-07 07:30:00,0,0.15420115,0.31833270134534253,0.4694699117366101,0.17159352,0.1257819,0.12565751,0.049881466,0.101688236,0.24560915,0.19580172651370595
2015-01-07 08:00:00,0,0.15524352,0.40870274954875896,0.4691503237523722,0.25447282,0.12471093,0.12460214,0.049807765,0.09970033,0.24898754,0.21504201327454323
2015-01-07 08:30:00,0,0.15861976,0.28516305255972085,0.47121119358765295,0.2890309,0.12292462,0.124742165,0.047236446,0.09348215,0.24770328,0.2044570647474902
2015-01-07 09:00:00,0,0.1596911,0.22048284114131178,0.4717678533033741,0.21073931,0.120956376,0.12784596,0.045269,0.0880087,0.25372422,0.18872059543496034
2015-01-07 09:30:00,0,0.15927911,0.29122537164566964,0.4710303037614686,0.15410009,0.11767356,0.13007052,0.04807373,0.088872895,0.25438187,0.19052304982166454
2015-01-07 10:00:00,0,0.15613794,0.3342771667373885,0.4691590404913497,0.056514293,0.11349551,0.12999712,0.05359737,0.093596645,0.24922267,0.18399974979226658
2015-01-07 10:30:00,0,0.15085602,0.3586318452518622,0.46498182597669924,0.07370757,0.10975708,0.12671876,0.047063068,0.09845206,0.25502008,0.187243145954308
2015-01-07 11:00:00,0,0.14416051,0.512993837572397,0.46195843224341704,0.0261152,0.1063061,0.12219388,0.044754572,0.10411686,0.25339368,0.1973325629309826
2015-01-07 11:30:00,0,0.13642418,0.5150687087432324,0.45581733312276906,0.108651526,0.105053015,0.11821119,0.04273547,0.10159926,0.25658393,0.20446051258690456
2015-01-07 12:00:00,0,0.1317712,0.4612496491239515,0.45002738564067946,0.097589515,0.10405736,0.11560811,0.041756056,0.09924432,0.25248495,0.19486539412263845
2015-01-07 12:30:00,0,0.12530553,0.42980492218101674,0.4407118910271224,0.10522145,0.10213319,0.11180802,0.04435019,0.10049225,0.25809115,0.19087984359479349
2015-01-07 13:00:00,0,0.11480808,0.33668398241862896,0.4285805472410342,0.08605587,0.09852869,0.10693831,0.04298395,0.10635042,0.2579718,0.17543351608010516
2015-01-07 13:30:00,0,0.103134155,0.35937663822409505,0.41532070798576604,0.1322762,0.09848058,0.1031209,0.041388277,0.11214225,0.25779817,0.18033754262321272
2015-01-07 14:00:00,0,0.092453,0.3181852493323696,0.4028702365417486,0.12704533,0.09822577,0.09968535,0.039449003,0.117220215,0.26108477,0.1729132140477169
2015-01-07 14:30:00,0,0.09105122,0.24932725090239494,0.40106310225031827,0.18514232,0.10373455,0.09814545,0.04089129,0.115549035,0.26155737,0.17182906593984595
2015-01-07 15:00:00,0,0.09564531,0.24442677077181862,0.40427845205424107,0.19967729,0.11096515,0.09873744,0.041385226,0.10830404,0.2647703,0.17424333025138203
2015-01-07 15:30:00,0,0.09943128,0.08796100989970945,0.4055033950915763,0.122714855,0.11184382,0.10086778,0.03934492,0.09923602,0.26587948,0.14808695042034176
2015-01-07 16:00:00,0,0.10513663,0.062297693529513865,0.4113376627906473,0.09145824,0.10693086,0.10108463,0.03731302,0.097503446,0.2651295,0.14202129876097247
2015-01-07 16:30:00,0,0.105033755,0.1810840588435969,0.41267594184774337,0.048753735,0.100178845,0.099685915,0.04136698,0.09682071,0.26572892,0.15014765144228118
2015-01-07 17:00:00,0,0.10479355,0.08631140509100454,0.4130996372299095,0.15011263,0.098179564,0.09880543,0.046696123,0.09213456,0.26777497,0.1508786512236007
2015-01-07 17:30:00,0,0.09956145,0.15419514620648123,0.4152655793070612,0.3215309,0.10265742,0.098381676,0.046595834,0.08902144,0.27623183,0.17816014237176983
2015-01-07 18:00:00,0,0.09901214,0.307520802352073,0.41934623577524266,0.41362858,0.106266,0.09766314,0.040257227,0.08424554,0.28717175,0.20612349023052196
2015-01-07 18:30:00,0,0.0977906,0.12343312180221666,0.42261591513139873,0.4541893,0.105826065,0.09707019,0.04001219,0.083381556,0.29770568,0.19133606810852713
2015-01-07 19:00:00,0,0.09216714,0.2341077030392853,0.4211884727096532,0.4860462,0.10351642,0.09679494,0.036124296,0.084786035,0.31580007,0.2078368083272636
2015-01-07 19:30:00,0,0.08266306,0.20010099532331616,0.4105620092782303,0.45015895,0.094895,0.094295636,0.037191533,0.088765986,0.33058718,0.19880226093139342
2015-01-07 20:00:00,0,0.07565892,0.15821092007194615,0.4064579866466298,0.4013232,0.08494947,0.09107886,0.04098604,0.095544964,0.3420215,0.18847020610505608
2015-01-07 20:30:00,0,0.06349492,0.1745254192707737,0.39881374168084716,0.34691355,0.07587486,0.08591672,0.04002062,0.100400805,0.35148486,0.18193838832804962
2015-01-07 21:00:00,0,0.05250275,0.2293249823410033,0.38610092474970525,0.37602633,0.06946434,0.079208635,0.04251339,0.10076114,0.3639355,0.18887088820508285
2015-01-07 21:30:00,0,0.04553795,0.3128188082486929,0.37521571742419535,0.3428832,0.06478164,0.0713266,0.04666757,0.09629873,0.37124923,0.1918643827416605
2015-01-07 22:00:00,0,0.03757894,0.37264759116009216,0.3507651541137772,0.32294583,0.058434818,0.0588946,0.03295404,0.09414686,0.38231635,0.1900760213342818
2015-01-07 22:30:00,0,0.032978654,0.44017670435557577,0.33842671872802543,0.18171225,0.052930128,0.0502743,0.0369166,0.10405749,0.3836485,0.18012459614153017
2015-01-07 23:00:00,0,0.03248942,0.3423899801273098,0.33814941079456984,0.03816336,0.05272558,0.050528847,0.08451242,0.12384091,0.382601,0.1606001024975036
2015-01-07 23:30:00,0,0.032410502,0.3228038002935243,0.3476409120928309,0.08068894,0.05917644,0.055195633,0.04315634,0.14642726,0.37910503,0.16295609544226697
2015-01-08 00:00:00,0,0.033584476,0.35790297112006364,0.34771888768687864,0.19418176,0.052711718,0.05479707,0.07870006,0.14066902,0.37174213,0.1813342312278057
2015-01-08 00:30:00,0,0.03394723,0.41701089492592835,0.356066039877895,0.2956264,0.051437136,0.05458346,0.051888708,0.1397096,0.36347395,0.19597149206414263
2015-01-08 01:00:00,0,0.03555739,0.6236135680792838,0.3628367843711279,0.37194568,0.051842287,0.056127243,0.039731182,0.14148441,0.36711523,0.22780597465791097
2015-01-08 01:30:00,0,0.03658557,0.5109126954628245,0.36637440309970926,0.43068585,0.052036528,0.058389407,0.044717185,0.14129314,0.36024922,0.2223604438808025
2015-01-08 02:00:00,0,0.0368042,0.5082158007788689,0.3698546062484851,0.47021756,0.052015394,0.06087192,0.04288677,0.13839284,0.3591707,0.22649219885074987
2015-01-08 02:30:00,0,0.036883354,0.48914042886449494,0.3711770758588424,0.49877298,0.05178148,0.06273715,0.03768364,0.14001244,0.35478452,0.2269970077959991
2015-01-08 03:00:00,0,0.037042618,0.4685419878633663,0.37247645918417627,0.52762854,0.05215435,0.064184755,0.03941465,0.14106719,0.35435838,0.22854099229707442
2015-01-08 03:30:00,0,0.03716278,0.4253151829293156,0.3727898051436711,0.52990097,0.052935854,0.06460294,0.03928892,0.13712357,0.35143134,0.22339459566989156
2015-01-08 04:00:00,0,0.03727877,0.46059840390466533,0.3737421871324438,0.5315302,0.054947916,0.065536,0.03839316,0.13400187,0.3559975,0.22800288970865967
2015-01-08 04:30:00,0,0.0373888,0.6222230572546721,0.3747029691556939,0.5407486,0.057464406,0.06846027,0.04594623,0.13321716,0.35247868,0.24807001877896268
2015-01-08 05:00:00,0,0.037666917,0.6578843478237957,0.3755415179722926,0.52904344,0.058897693,0.07257863,0.04712735,0.12485548,0.355223,0.25097981944976905
2015-01-08 05:30:00,0,0.03774476,0.6104639547323085,0.3753884797290771,0.43767464,0.05919781,0.07478775,0.04489076,0.11238923,0.35013983,0.23363080156898836
2015-01-08 06:00:00,0,0.0389421,0.45646255902311594,0.3748468266510129,0.332071,0.06199977,0.07618351,0.050734315,0.112042956,0.3514711,0.20608379361551446
2015-01-08 06:30:00,0,0.03924954,0.4857692954609032,0.3758675284291866,0.0956098,0.062409528,0.07412011,0.05395383,0.12174793,0.3559955,0.18496923013169234
2015-01-08 07:00:00,0,0.037785172,0.4988517634078953,0.37979624775468246,0.0643606,0.06553634,0.073137835,0.051803533,0.13065295,0.3595221,0.18460517233441257
2015-01-08 07:30:00,0,0.038394928,0.5762968005117273,0.38850794523852905,0.24962784,0.0678587,0.07150542,0.051530685,0.13407233,0.35572645,0.21483567890046126
2015-01-08 08:00:00,0,0.039491177,0.6921385683342667,0.3923667612521228,0.32238844,0.07149413,0.070892714,0.059433535,0.13630642,0.36804846,0.23917335631199707
2015-01-08 08:30:00,0,0.04166782,0.5744403655710482,0.3984477564873239,0.33207843,0.07330081,0.07069251,0.05584431,0.1310091,0.36995026,0.22749237371886885
2015-01-08 09:00:00,0,0.04237306,0.5523671202022076,0.40100727755823495,0.25996098,0.073869765,0.072596654,0.049023826,0.12141404,0.36849546,0.21567868780822794
2015-01-08 09:30:00,0,0.04342425,0.5951707802828672,0.40319108397876646,0.21867138,0.073006526,0.074126974,0.04448303,0.11872688,0.36955276,0.21559485142681406
2015-01-08 10:00:00,0,0.043312073,0.5615999258916222,0.4018437714781926,0.12365813,0.0699215,0.07216391,0.048284516,0.12541401,0.3731438,0.20214907006828
2015-01-08 10:30:00,0,0.043986082,0.7261050723586635,0.4001667843233091,0.12987515,0.06913781,0.07051602,0.045594767,0.13760403,0.37811613,0.2223446499259902
2015-01-08 11:00:00,0,0.04282391,0.8179924691745022,0.4008396267166827,0.05244107,0.06881314,0.06817972,0.043108806,0.14659676,0.3784191,0.22435717799927868
2015-01-08 11:30:00,0,0.04247892,0.7635010611811559,0.3981484707345956,0.13664956,0.07074489,0.06780325,0.040409606,0.15145582,0.3798728,0.22789604167639851
2015-01-08 12:00:00,0,0.04220903,0.7350156364629985,0.39593673171366484,0.14796883,0.071058415,0.06786095,0.039363157,0.15291403,0.3821714,0.2260553529137466
2015-01-08 12:30:00,0,0.043120027,0.7987409402910277,0.3988655523275203,0.09698925,0.06990332,0.06952411,0.046689935,0.15408368,0.38445565,0.22915249688535125
2015-01-08 13:00:00,0,0.043150544,0.6302415303404043,0.3993624543231784,0.092230015,0.06898669,0.0708774,0.042355344,0.15528055,0.38533354,0.20975756277747692
2015-01-08 13:30:00,0,0.04355824,0.5492622487240553,0.4017179882350501,0.12164296,0.069128744,0.07131257,0.04241231,0.15549082,0.3830239,0.20417219630343447
2015-01-08 14:00:00,0,0.043821573,0.3822717955213655,0.40400990136847803,0.13146156,0.069576405,0.07045157,0.043677267,0.15978043,0.38554797,0.1878442742961475
2015-01-08 14:30:00,0,0.044516444,0.28026406571134466,0.40467291487451273,0.2327776,0.07643435,0.067739785,0.04609477,0.16010728,0.38783857,0.18893842056179533
2015-01-08 15:00:00,0,0.04755783,0.22377293994730607,0.40900581542930525,0.25164303,0.0853769,0.06750749,0.043280236,0.15349983,0.38985196,0.18572178141385032
2015-01-08 15:30:00,0,0.051104307,0.25667372104127395,0.41626563268834116,0.17849655,0.08780445,0.070496954,0.046593975,0.14605652,0.39399394,0.183054006463436
2015-01-08 16:00:00,0,0.052482724,0.22460790234147332,0.4188438687856503,0.09437381,0.08485608,0.07442265,0.049649626,0.14200556,0.3961013,0.17081594616030532
2015-01-08 16:30:00,0,0.053195715,0.37139549321323706,0.4193428219953389,0.031003067,0.080419354,0.07507202,0.048106477,0.14431049,0.39627835,0.17990264326320993
2015-01-08 17:00:00,0,0.052244663,0.3919105067426294,0.4208063171735654,0.15002687,0.081604935,0.07610783,0.050627213,0.14086455,0.3953847,0.19550862089909427
2015-01-08 17:30:00,0,0.052770495,0.45060877148224776,0.4209305463550903,0.31016877,0.08512118,0.075325914,0.050510902,0.13418727,0.39751238,0.21968180239432172
2015-01-08 18:00:00,0,0.054077744,0.5782684414181904,0.42305484179046027,0.41585812,0.08727284,0.07330447,0.045493007,0.12644933,0.39894524,0.2447471147326675
2015-01-08 18:30:00,0,0.056263328,0.42796932899820916,0.42291395616178884,0.46323618,0.08563389,0.072244234,0.049828816,0.12516467,0.3989347,0.23357656666582743
2015-01-08 19:00:00,0,0.0571903,0.6539766680663277,0.42014065955321467,0.4810726,0.0803136,0.07228539,0.045225553,0.12860309,0.39357013,0.25915310972144756
2015-01-08 19:30:00,0,0.05819881,0.6769239648976022,0.4195882274743109,0.4610495,0.074659236,0.07427377,0.043648265,0.1322229,0.39960268,0.26001859554355106
2015-01-08 20:00:00,0,0.058007956,0.5602230304382196,0.41942688862710065,0.43785354,0.07034,0.0764832,0.04515314,0.13692896,0.40546998,0.24554296696544617
2015-01-08 20:30:00,0,0.05553162,0.5419122909696785,0.41955899491241655,0.39960814,0.0676361,0.0772575,0.04388466,0.13680787,0.41314873,0.2394828788342851
2015-01-08 21:00:00,0,0.056108713,0.5457377280868254,0.42165178929784386,0.3953634,0.06721683,0.078231335,0.051295258,0.13099273,0.41136736,0.2397739027228511
2015-01-08 21:30:00,0,0.054505706,0.6132023585054345,0.42352744960486133,0.39892215,0.0668568,0.07618922,0.05031991,0.12508696,0.41897663,0.24750968763765352
2015-01-08 22:00:00,0,0.058745027,0.5973448529534338,0.4256667406300566,0.38567346,0.06557575,0.07148077,0.048600864,0.12390323,0.41782588,0.24386850852803674
2015-01-08 22:30:00,0,0.058507085,0.727051867709342,0.4061801115911621,0.3250039,0.06422805,0.06553556,0.043800823,0.13092355,0.43559283,0.25075819720713355
2015-01-08 23:00:00,0,0.05963719,0.6099405979632433,0.39075213910551365,0.21262585,0.065036446,0.063658975,0.07113758,0.14046378,0.43808135,0.2279259898558838
2015-01-08 23:30:00,0,0.06966591,0.43381989257348863,0.4094171335576886,0.063245825,0.075424336,0.07147912,0.038660567,0.15113367,0.43314093,0.19399859864910712
2015-01-09 00:00:00,0,0.07992375,0.4776910758487425,0.436807904113529,0.052133523,0.07369693,0.07466595,0.07863213,0.14885972,0.42250633,0.20499081359046498
2015-01-09 00:30:00,0,0.08694112,0.5475897485304841,0.45927310583370073,0.17480178,0.07575422,0.07593984,0.072595656,0.14968273,0.41545746,0.22867062913076394
2015-01-09 01:00:00,0,0.09271896,0.5268144487624653,0.47597567031101284,0.26977214,0.07770551,0.07660325,0.065169215,0.14906919,0.4041692,0.23755528731717973
2015-01-09 01:30:00,0,0.097402215,0.4231106092511201,0.4878312270817685,0.35719636,0.07930257,0.0781741,0.057855844,0.14869276,0.395876,0.236160186109235
2015-01-09 02:00:00,0,0.100470066,0.47959860947774935,0.492447143616242,0.3941126,0.07932171,0.07891669,0.05340878,0.1446792,0.38460186,0.24528407263451524
2015-01-09 02:30:00,0,0.10374117,0.4210814592845935,0.4968026406688656,0.4450493,0.079637125,0.08025582,0.051960427,0.14361043,0.37860796,0.24452736887921742
2015-01-09 03:00:00,0,0.105326176,0.4282320188370523,0.49904932398052637,0.47218984,0.079933204,0.08123526,0.05274637,0.13903947,0.36798295,0.24730384685079632
2015-01-09 03:30:00,0,0.1072011,0.22371887000653778,0.5014113871607578,0.4958145,0.08156914,0.0829788,0.054126028,0.13553774,0.36147544,0.22709255675561735
2015-01-09 04:00:00,0,0.107877254,0.28899232496531013,0.5027970172232505,0.50031644,0.08518406,0.08541759,0.053306744,0.13574143,0.3584013,0.23533712870806717
2015-01-09 04:30:00,0,0.10871947,0.4822878164955693,0.503666098563239,0.52291214,0.08889167,0.08989735,0.057591774,0.13997394,0.35595885,0.26109990096083796
2015-01-09 05:00:00,0,0.10907209,0.5147468285916954,0.5030054898018398,0.5118501,0.08978739,0.09490986,0.056080025,0.13891043,0.34894374,0.26303399630844004
2015-01-09 05:30:00,0,0.11159468,0.5175057750079866,0.5033651372227478,0.4407617,0.09027695,0.099177085,0.050715048,0.13445327,0.35385856,0.2557453537325864
2015-01-09 06:00:00,0,0.11509955,0.3304860284039304,0.5034138986679535,0.35668182,0.093089886,0.10246784,0.05322926,0.13951546,0.3613029,0.22836518460756702
2015-01-09 06:30:00,0,0.117786884,0.22824527271686534,0.5029451134032181,0.13059662,0.09470925,0.10230337,0.06599378,0.14777303,0.36439013,0.19497149467508026
2015-01-09 07:00:00,0,0.12407303,0.2920598424871521,0.5086527987326752,0.023406597,0.098605536,0.10407893,0.06244297,0.15248941,0.3647009,0.1922788919967118
2015-01-09 07:30:00,0,0.13392437,0.3412665980216705,0.5211595146863692,0.027401479,0.097876556,0.10485472,0.07254564,0.15762164,0.3599352,0.20184285579915262
2015-01-09 08:00:00,0,0.14815629,0.4870897805409129,0.5298957788646474,0.03224647,0.09685671,0.105748996,0.07434669,0.16037202,0.34557676,0.2200321664348438
2015-01-09 08:30:00,0,0.15477788,0.21576343313653368,0.5267368061443781,0.059301235,0.09522407,0.10519691,0.0666509,0.15193714,0.33756694,0.1903505906096269
2015-01-09 09:00:00,0,0.15968633,0.3434845868101508,0.5256415020433451,0.07452222,0.09902233,0.107025556,0.061663654,0.13996458,0.3262179,0.20413651606394378
2015-01-09 09:30:00,0,0.15433109,0.3262390605746397,0.5201727665767099,0.08142526,0.103071325,0.10868985,0.05529201,0.13253678,0.3237058,0.2006071039310618
2015-01-09 10:00:00,0,0.15584624,0.20653652243654363,0.5203823218427767,0.040778797,0.10978673,0.1105876,0.060182333,0.13445798,0.32879877,0.1852619202762479
2015-01-09 10:30:00,0,0.15861118,0.2307068953228555,0.5195703725215878,0.044980645,0.11481411,0.112627335,0.06074605,0.14179443,0.32150334,0.18948381746819334
2015-01-09 11:00:00,0,0.16244876,0.4307464125051528,0.5214622989190419,0.009950942,0.11982355,0.11371456,0.053283367,0.15352947,0.33057848,0.21061531554010435
2015-01-09 11:30:00,0,0.16747928,0.4748453317820758,0.5229719924455887,0.062945694,0.12283361,0.11681565,0.054739434,0.16163947,0.32984155,0.22379022316541647
2015-01-09 12:00:00,0,0.17139709,0.42480489410645994,0.523776311397888,0.06817657,0.1229761,0.12106576,0.05378309,0.16627729,0.32939544,0.22018361607052775
2015-01-09 12:30:00,0,0.17226517,0.35379757535819323,0.5236500420501639,0.067576304,0.122148134,0.124569155,0.055183165,0.1707264,0.3283904,0.21314514895906292
2015-01-09 13:00:00,0,0.17121482,0.20149392821685908,0.5232358588508363,0.08193977,0.120833926,0.1267217,0.054839324,0.17371376,0.32823145,0.1980249483834951
2015-01-09 13:30:00,0,0.1683935,0.1949345131125888,0.5231328046795019,0.09132962,0.119054414,0.12820905,0.057188604,0.17691812,0.33088145,0.19889356315558848
2015-01-09 14:00:00,0,0.16749477,0.26439943031670055,0.5224599180948027,0.12884612,0.11738164,0.12628898,0.055365015,0.18271177,0.3298996,0.2105385839105914
2015-01-09 14:30:00,0,0.16517162,0.12379325497234994,0.5161070725548595,0.19234551,0.114502475,0.12076149,0.056262836,0.18223298,0.32945243,0.20006996319290493
2015-01-09 15:00:00,0,0.15374327,0.20151783332989837,0.4994710823095865,0.17004998,0.110571735,0.11546469,0.057056386,0.17718947,0.32620883,0.20125258557524559
2015-01-09 15:30:00,0,0.14626181,0.21629437257006323,0.4883412060271981,0.13699257,0.11115961,0.11678963,0.052433837,0.16371964,0.32601288,0.1953339509891883
2015-01-09 16:00:00,0,0.1413163,0.31210832927509635,0.48069440901236127,0.06367459,0.112879395,0.12166986,0.053755827,0.15002078,0.32677722,0.19587741153531701
2015-01-09 16:30:00,0,0.1416099,0.31458499640820037,0.48083848746430835,0.029888289,0.1144081,0.12299128,0.054626822,0.14133254,0.32774833,0.19200319387284648
2015-01-09 17:00:00,0,0.14142644,0.40615166270790937,0.4812582792793785,0.16173202,0.11764864,0.12295122,0.058054667,0.1339303,0.32915288,0.21692290050962368
2015-01-09 17:30:00,0,0.13907313,0.46800088642962656,0.4796334121104475,0.31720045,0.120290436,0.11893657,0.06002641,0.13361976,0.33037004,0.24079456596318424
2015-01-09 18:00:00,0,0.13802731,0.4269177448819903,0.4838348582019769,0.44072625,0.12275358,0.11379376,0.06015213,0.13670364,0.3344594,0.25081874111958335
2015-01-09 18:30:00,0,0.14026618,0.307744595735441,0.4933062303514203,0.51914644,0.12579103,0.11117217,0.06405455,0.14067231,0.34270963,0.2494292374202788
2015-01-09 19:00:00,0,0.14789653,0.41733479995644807,0.5104639544347366,0.56043607,0.12865125,0.11174104,0.06261128,0.14177972,0.3545463,0.27060677264764477
2015-01-09 19:30:00,0,0.15751171,0.5238101356677625,0.5350951682016587,0.57042617,0.13151474,0.11529594,0.061857354,0.14043017,0.3706712,0.28962362189467034
2015-01-09 20:00:00,0,0.1567049,0.44294712695748295,0.543310630242342,0.48094392,0.12863916,0.115955815,0.05887798,0.1321942,0.37671322,0.2706985505866807
2015-01-09 20:30:00,0,0.15116811,0.3964596614890379,0.5460509932655015,0.40256658,0.12648498,0.115432754,0.058894373,0.12380236,0.3772208,0.2553422903823742
2015-01-09 21:00:00,0,0.14437294,0.4266419656892637,0.5509889982767207,0.40775457,0.12683664,0.11582987,0.054781873,0.12121376,0.3789804,0.25860011271798305
2015-01-09 21:30:00,0,0.13877046,0.43647606121781024,0.5551211707827379,0.40946963,0.12765823,0.116976514,0.04850595,0.12558812,0.37925416,0.2597578118825973
2015-01-09 22:00:00,0,0.13385427,0.5475710663767543,0.5579814616983957,0.45144522,0.12801293,0.118010394,0.051896155,0.1313755,0.38642204,0.2785076710109105
2015-01-09 22:30:00,0,0.12810469,0.6430905432460161,0.5544377151059958,0.47455543,0.12769555,0.117023416,0.05238221,0.13577802,0.3993547,0.2924913631974029
2015-01-09 23:00:00,0,0.11740315,0.40718537799945587,0.5409011055784,0.46881002,0.12692165,0.11260083,0.08123128,0.1434279,0.4255021,0.26933148981244126
2015-01-09 23:30:00,0,0.10120511,0.2907419379701963,0.5097500803955294,0.46139246,0.12840651,0.10589435,0.039975118,0.15100656,0.4520909,0.24894033578301633
2015-01-10 00:00:00,0,0.08906269,0.31231285064227876,0.47302844401003874,0.42357585,0.11155963,0.09572689,0.06583167,0.16729312,0.47068238,0.24545261369216162
2015-01-10 00:30:00,0,0.07988703,0.3227298648618664,0.4352756619630873,0.341211,0.09468207,0.084210806,0.04351096,0.16505438,0.47791338,0.22716390475787085
2015-01-10 01:00:00,0,0.07105541,0.3991954069903816,0.40865240266791936,0.23779407,0.0816395,0.07401235,0.033905618,0.14991646,0.4695097,0.21396454471855827
2015-01-10 01:30:00,0,0.059393287,0.45867938866111047,0.3894050733398411,0.15221356,0.071650766,0.06477217,0.030957874,0.13093027,0.44825643,0.20069542456159165
2015-01-10 02:00:00,0,0.04926157,0.4069435448232177,0.380519608198455,0.08802817,0.06675118,0.05992186,0.024706155,0.113681525,0.42043343,0.1789163386509528
2015-01-10 02:30:00,0,0.04388106,0.3356252799955044,0.3763476892776574,0.016932318,0.06399902,0.056370974,0.018325046,0.10248204,0.38681173,0.15564168458453284
2015-01-10 03:00:00,0,0.038821816,0.1429319430323197,0.3756238648249659,0.110402025,0.06322815,0.054347456,0.02022309,0.10446652,0.3513644,0.1401565858240007
2015-01-10 03:30:00,0,0.03314221,0.05051085818543477,0.3757337723343811,0.18011841,0.06345098,0.052428883,0.021139912,0.11168831,0.31629425,0.1338341760805656
2015-01-10 04:00:00,0,0.03415513,0.221079185963303,0.3754220909148178,0.24464682,0.065688424,0.051717963,0.021529194,0.1168236,0.28545117,0.15739039756496773
2015-01-10 04:30:00,0,0.037536383,0.3365846470694258,0.37665744469194584,0.4137927,0.068080015,0.05162339,0.027840687,0.12030032,0.26905903,0.18905273561691147
2015-01-10 05:00:00,0,0.03694439,0.24779603294603447,0.37642682121139215,0.47086066,0.06927866,0.049935795,0.023024796,0.12253414,0.2646767,0.184608664778111
2015-01-10 05:30:00,0,0.037667394,0.23653647511916276,0.37554372753857335,0.49165556,0.07023093,0.04836606,0.024839262,0.1226788,0.27288407,0.1867113642431803
2015-01-10 06:00:00,0,0.039051056,0.1583922965598159,0.3715184722622713,0.47622016,0.07011377,0.04638436,0.016918503,0.121378265,0.28880835,0.17653169229132748
2015-01-10 06:30:00,0,0.035532594,0.18798329238709677,0.37178969284062346,0.43403015,0.06882346,0.046321493,0.018172262,0.12040328,0.31762952,0.17785397049705368
2015-01-10 07:00:00,0,0.03318107,0.20168622528242608,0.37070751356329834,0.3993435,0.06613581,0.046900544,0.017981375,0.12334031,0.3469833,0.17847329452575783
2015-01-10 07:30:00,0,0.03235984,0.3333966770151573,0.3620560341258232,0.31710726,0.062982455,0.047850274,0.013119677,0.12535211,0.36754864,0.18464144159587115
2015-01-10 08:00:00,0,0.035615325,0.4454354309478692,0.3491651077394001,0.29785597,0.06392589,0.050283253,0.012105948,0.12632616,0.38434497,0.19611756159628546
2015-01-10 08:30:00,0,0.039010286,0.4591991225914569,0.33024154247583026,0.14354518,0.062241506,0.051593333,0.013996247,0.12010727,0.39038497,0.17892438459407972
2015-01-10 09:00:00,0,0.038523316,0.5567180165829484,0.32117243659824013,0.058264792,0.060672794,0.052579165,0.015153179,0.11084478,0.39215362,0.17845356696916082
2015-01-10 09:30:00,0,0.03943622,0.4399914321515155,0.3245431851986884,0.08382632,0.05960995,0.05492701,0.01757688,0.10743347,0.39383265,0.16901967990571737
2015-01-10 10:00:00,0,0.03648436,0.4063703719011471,0.32695656555579045,0.08631312,0.056976043,0.05346935,0.015196326,0.10917183,0.39726928,0.16535636062561493
2015-01-10 10:30:00,0,0.03632021,0.6139536953561571,0.32783793944952067,0.1907162,0.0566118,0.05411867,0.022226531,0.11209989,0.4001562,0.2015601272161005
2015-01-10 11:00:00,0,0.034318805,0.8018775528039317,0.32436942490637,0.23565026,0.055890933,0.05350359,0.024043908,0.10987382,0.40723228,0.22741784135926377
2015-01-10 11:30:00,0,0.033355832,0.5747541381610795,0.3280308419510515,0.34862855,0.0651885,0.062278483,0.032231126,0.10766123,0.42259884,0.21941417116520753
2015-01-10 12:00:00,0,0.030597448,0.595852577715652,0.33292886117780973,0.35810417,0.07332327,0.06998107,0.029179478,0.10704458,0.43840736,0.2261576460358594
2015-01-10 12:30:00,0,0.030912519,0.7315908306228209,0.35209090493006145,0.4066398,0.08560351,0.08027223,0.039119653,0.109181456,0.45941716,0.25498089808639945
2015-01-10 13:00:00,0,0.030379534,0.5781026387335206,0.3614196348456402,0.37306792,0.09334514,0.086194396,0.03009127,0.109096155,0.47577372,0.23749671211274911
2015-01-10 13:30:00,0,0.029743552,0.5517449218790524,0.36154876926430846,0.34815693,0.09884774,0.0891271,0.026164267,0.11524844,0.49049646,0.2345642420334912
2015-01-10 14:00:00,0,0.029263735,0.7084097774690843,0.35904996707479253,0.29859227,0.10155933,0.08894518,0.020568192,0.120230176,0.501458,0.2475640688043001
2015-01-10 14:30:00,0,0.029825449,0.632592189518876,0.36424075383375076,0.3429689,0.1080366,0.09005288,0.030733857,0.12173599,0.5129253,0.24812355087229132
2015-01-10 15:00:00,0,0.032234788,0.6627715001941485,0.3763466912902206,0.37504017,0.118813336,0.0952122,0.028518269,0.11884469,0.5233564,0.25901533583344766
2015-01-10 15:30:00,0,0.040382028,0.6824675536450169,0.39980223166525786,0.41028428,0.13409539,0.1098973,0.03203876,0.11990363,0.54588884,0.27497333467618695
2015-01-10 16:00:00,0,0.04880905,0.6994907706091382,0.4321579639409425,0.35827565,0.1405088,0.12533467,0.022477647,0.11669616,0.56229764,0.2784498166668638
2015-01-10 16:30:00,0,0.05238533,0.7335124031843296,0.44226049501587306,0.24671228,0.13586555,0.1295235,0.024228226,0.11478313,0.56634855,0.2717354972663906
2015-01-10 17:00:00,0,0.055738807,0.640284458616561,0.4450072547334152,0.2901457,0.13718912,0.13418935,0.027580066,0.11225589,0.57551676,0.2686563785978995
2015-01-10 17:30:00,0,0.06508827,0.6035294641336915,0.4476220812483337,0.43069327,0.14407252,0.13868275,0.035540614,0.11395049,0.5849645,0.2849048862067066
2015-01-10 18:00:00,0,0.072962284,0.6201945427658018,0.45237971936405463,0.5259638,0.15284537,0.14001593,0.04017993,0.11739942,0.5984518,0.30226586309931824
2015-01-10 18:30:00,0,0.074465394,0.6580482545430701,0.45137008383033705,0.53745455,0.15670638,0.13695836,0.03640261,0.11870607,0.6038595,0.30821901996766027
2015-01-10 19:00:00,0,0.07676768,0.7631067537474934,0.4538643232654832,0.5861617,0.16255018,0.13623439,0.043562956,0.11928954,0.60460657,0.3273493407487826
2015-01-10 19:30:00,0,0.08019364,0.5967442417918107,0.4539819937177648,0.5351392,0.16326627,0.13352251,0.029463882,0.115210906,0.6029107,0.30115926044689956
2015-01-10 20:00:00,0,0.09139383,0.46986608038451294,0.47054763137265854,0.58358914,0.17227058,0.14084741,0.031205624,0.11241184,0.61765915,0.2988656989171227
2015-01-10 20:30:00,0,0.09176242,0.39808889476602793,0.46628552163889114,0.43661013,0.17184004,0.1406266,0.027400725,0.11352518,0.6180202,0.2737955213513591
2015-01-10 21:00:00,0,0.09032786,0.35983032967412854,0.46198386435130856,0.39549205,0.1710291,0.14093938,0.03187931,0.11845953,0.6217667,0.26574534629802354
2015-01-10 21:30:00,0,0.089993596,0.5393241478534243,0.4560515103224243,0.45341754,0.1705609,0.14197326,0.024838474,0.12486084,0.62320805,0.2915809227748605
2015-01-10 22:00:00,0,0.08989358,0.5536921685687499,0.4556278259880896,0.50221044,0.1728584,0.14334624,0.028125357,0.12896521,0.629942,0.30051791336337014
2015-01-10 22:30:00,0,0.0895828,0.5678752782638607,0.4565552104170062,0.5691399,0.18048811,0.14506966,0.046228528,0.12944143,0.6448719,0.31436142216513197
2015-01-10 23:00:00,0,0.08989334,0.3674688274134894,0.4546124308516003,0.5972237,0.19294922,0.14682181,0.08064995,0.13287355,0.6621882,0.30274233364042435
2015-01-10 23:30:00,0,0.091828585,0.42870017773396185,0.4533892407368477,0.6015113,0.20981784,0.14821696,0.0407697,0.13585846,0.6805973,0.3100766193038832
2015-01-11 00:00:00,0,0.093987465,0.5714046944223465,0.45222862185655577,0.526564,0.20846075,0.14573209,0.04895116,0.14548784,0.692393,0.3205788479216063
2015-01-11 00:30:00,0,0.09358752,0.550421400556635,0.4495234866851324,0.44668603,0.20924185,0.14329836,0.04408125,0.14125745,0.7049233,0.30922451275157115
2015-01-11 01:00:00,0,0.0935967,0.7884672283881837,0.4438906172699416,0.37598348,0.21027716,0.14170846,0.026686277,0.1266413,0.7193084,0.3251732882751427
2015-01-11 01:30:00,0,0.09603703,0.7486224777647408,0.4384162474092903,0.26935083,0.20965052,0.14203733,0.026802553,0.111423425,0.71971345,0.30689487315786784
2015-01-11 02:00:00,0,0.09732115,0.7751741197800612,0.4309480754152002,0.20610869,0.21042518,0.14323696,0.02692299,0.10131087,0.72671825,0.3020184770470531
2015-01-11 02:30:00,0,0.09652734,0.6670792495576094,0.42440498990109443,0.10749387,0.21101992,0.14474578,0.02347843,0.10316319,0.72365826,0.27795233682456544
2015-01-11 03:00:00,0,0.09536004,0.693173209051098,0.41874194149311905,0.009650811,0.211503,0.14541802,0.022971138,0.11326566,0.71903497,0.26990208783896663
2015-01-11 03:30:00,0,0.094459176,0.6465725700699192,0.4155778536269098,0.08480504,0.21208599,0.14517666,0.032142468,0.12446345,0.71342695,0.2743011288037116
2015-01-11 04:00:00,0,0.09707224,0.5718618342334132,0.4176828963747533,0.19658281,0.21366315,0.1457174,0.022856664,0.12565303,0.7101476,0.2779152931410407
2015-01-11 04:30:00,0,0.09731531,0.679487205419484,0.4166723954275757,0.3649998,0.21280539,0.14608203,0.022922754,0.11579264,0.7041437,0.3066912476810144
2015-01-11 05:00:00,0,0.0974921,0.8042469184130301,0.41613552237789897,0.45834085,0.21172123,0.14571851,0.025592186,0.10665097,0.69929653,0.32946609167096763
2015-01-11 05:30:00,0,0.097551346,0.8633595343787199,0.4158233843146377,0.4829517,0.20978895,0.14387794,0.024245923,0.10212777,0.70168984,0.33793515363785226
2015-01-11 06:00:00,0,0.09712088,0.7535702472637453,0.4165677466859088,0.4925988,0.20868628,0.14294414,0.02206745,0.104453035,0.7051183,0.3270140977323058
2015-01-11 06:30:00,0,0.09473872,0.6592627279178025,0.41608494172312205,0.45714033,0.20919257,0.14278841,0.024379913,0.10617827,0.71033883,0.3133449683001468
2015-01-11 07:00:00,0,0.09446466,0.6014853072461328,0.4154719122889685,0.4537103,0.20986246,0.14352442,0.026757814,0.11207334,0.7144576,0.30797864122456853
2015-01-11 07:30:00,0,0.09389424,0.6471848970347143,0.41451567460703576,0.38922474,0.21138433,0.14484972,0.028846981,0.11516738,0.7261446,0.3079125076466608
2015-01-11 08:00:00,0,0.09344578,0.7333108761304654,0.4056627416465234,0.35325179,0.21079807,0.14437012,0.023257947,0.11898935,0.73033065,0.31260192392598246
2015-01-11 08:30:00,0,0.091745615,0.7215999696122424,0.4029633881735347,0.23855843,0.2120408,0.14289899,0.024100685,0.120676704,0.7382342,0.2992020887832328
2015-01-11 09:00:00,0,0.09359455,0.7359857709228219,0.4053377991466651,0.19242382,0.21496281,0.13845941,0.02279236,0.12090184,0.74287635,0.29637052386798407
2015-01-11 09:30:00,0,0.09379065,0.6735266751536848,0.4065005207975343,0.05659263,0.21463038,0.14021772,0.028377172,0.11802697,0.74482095,0.27516485247246375
2015-01-11 10:00:00,0,0.09403074,0.6105493779088675,0.4100594839363878,0.021048414,0.2167209,0.13948435,0.020230288,0.11819696,0.7481065,0.2642696641497613
2015-01-11 10:30:00,0,0.094552994,0.7477387690956245,0.40931686343986795,0.13330524,0.2167417,0.13888682,0.036242373,0.11743033,0.74679136,0.29344516095892975
2015-01-11 11:00:00,0,0.097647786,0.655676587678883,0.41053111954162536,0.14398135,0.21667477,0.13624826,0.035881616,0.111278296,0.74046767,0.28315416230031665
2015-01-11 11:30:00,0,0.0937382,0.7154824265069237,0.4072210272181942,0.24195305,0.21219328,0.13136198,0.0486563,0.10426023,0.73622245,0.29900988090099434
2015-01-11 12:00:00,0,0.08852041,0.6038501714147877,0.4043226212841933,0.23247744,0.20696819,0.12665342,0.04650894,0.100338995,0.7266268,0.28180744430047955
2015-01-11 12:30:00,0,0.083476305,0.6885965708797794,0.39409242515217124,0.314585,0.20162717,0.12353154,0.060424045,0.097487114,0.72030383,0.2982360001885307
2015-01-11 13:00:00,0,0.07975066,0.6405379590364291,0.3909235425271327,0.2968772,0.19756435,0.122843824,0.038052555,0.09455782,0.71316713,0.28603056053265075
2015-01-11 13:30:00,0,0.07540321,0.7187726211387275,0.39160321616292426,0.25764567,0.1923234,0.12170413,0.02980569,0.0943612,0.7032433,0.28720693961508187
2015-01-11 14:00:00,0,0.07435691,0.8485092258479128,0.3931476956279508,0.2202149,0.18853432,0.12160198,0.029435312,0.09574541,0.70383346,0.297264357164473
2015-01-11 14:30:00,0,0.07049298,0.7367292492937807,0.3894707158714319,0.20743786,0.18128954,0.116419375,0.026104966,0.098200426,0.69123554,0.27970896152005753
2015-01-11 15:00:00,0,0.06201172,0.744701875696439,0.38151830269647236,0.16649127,0.17085633,0.10559809,0.027367221,0.101317964,0.6727743,0.2702930096302192
2015-01-11 15:30:00,0,0.04641688,0.6879922418986126,0.36082436664177353,0.2057657,0.15865728,0.09038083,0.032870334,0.10696485,0.66137356,0.26124955944464934
2015-01-11 16:00:00,0,0.042226672,0.6155358231893615,0.3230100997304497,0.18805788,0.1522563,0.084127605,0.02257202,0.110423386,0.64855015,0.24297332651744302
2015-01-11 16:30:00,0,0.0443002,0.5952572393486655,0.3190885393997034,0.21747084,0.15239716,0.091714345,0.023394411,0.11209871,0.6449983,0.24452441664205388
2015-01-11 17:00:00,0,0.04476607,0.6178445347719403,0.3179481822422059,0.2334207,0.15147498,0.09951963,0.021697683,0.11313256,0.6394322,0.2488040593817711
2015-01-11 17:30:00,0,0.04308319,0.418875786203289,0.3113056772932976,0.23402098,0.14315052,0.097289965,0.025959028,0.11423328,0.62196296,0.22332015452138818
2015-01-11 18:00:00,0,0.042948246,0.40386961502911056,0.30045841558604924,0.2345355,0.127739,0.08744645,0.025109438,0.1121786,0.6022984,0.2151759604496105
2015-01-11 18:30:00,0,0.040014982,0.4820711226868397,0.2971788852468914,0.22355923,0.114442736,0.07891232,0.03176338,0.110568866,0.5644005,0.2158791125721794
2015-01-11 19:00:00,0,0.036890984,0.49085496547691143,0.2976956549260239,0.18038309,0.099562034,0.06934403,0.027400259,0.105864115,0.52517545,0.20368561991674405
2015-01-11 19:30:00,0,0.033907294,0.4281433129539831,0.30692040265243037,0.1378072,0.094672695,0.06601046,0.036518823,0.110055715,0.48661625,0.1889613513681052
2015-01-11 20:00:00,0,0.032608867,0.3701441607897227,0.2985862537589763,0.04065017,0.09287598,0.06315289,0.02646208,0.11119426,0.456015,0.16574329438741384
2015-01-11 20:30:00,0,0.033779383,0.4837861344773007,0.3220702754433725,0.016503556,0.10569664,0.06919493,0.028050618,0.1111793,0.41834456,0.17651171024788537
2015-01-11 21:00:00,0,0.034003615,0.5920166195765297,0.34613051150507446,0.03262494,0.11917293,0.0764118,0.027765155,0.110027336,0.40524992,0.19371142566493077
2015-01-11 21:30:00,0,0.036422014,0.35388137303142386,0.35864594788035653,0.018390102,0.1279904,0.08433355,0.03453905,0.10842113,0.3790448,0.16685204034108755
2015-01-11 22:00:00,0,0.03712964,0.33562917662563585,0.3668726971221241,0.060708728,0.13602099,0.09438695,0.04935086,0.11053248,0.34262562,0.1703619041460812
2015-01-11 22:30:00,0,0.035484076,0.3891194419442279,0.3722240015061582,0.11949174,0.14080164,0.10338819,0.044551305,0.11324567,0.30610195,0.18048977951838516
2015-01-11 23:00:00,0,0.03268087,0.33273245014964914,0.3682919678312412,0.09672458,0.13815689,0.105203055,0.081114225,0.11553966,0.2661409,0.17073162285314453
2015-01-11 23:30:00,0,0.032732368,0.29090464516959536,0.3718325031873131,0.22783943,0.13651581,0.10248778,0.054251753,0.10509737,0.22354513,0.1716896430598888
2015-01-12 00:00:00,0,0.030903816,0.33970472569357035,0.37520771879425907,0.30977547,0.12867132,0.10509714,0.06759504,0.11309988,0.20350176,0.18595076353854817
2015-01-12 00:30:00,0,0.02912128,0.37025771855465095,0.3765736247950855,0.38618052,0.1229839,0.1008812,0.055516146,0.10734448,0.21291614,0.1957527780728121
2015-01-12 01:00:00,0,0.03007853,0.38313119901962445,0.37882454310878444,0.45516804,0.11745452,0.09201782,0.03900745,0.09737628,0.2266835,0.20219354252436833
2015-01-12 01:30:00,0,0.029204011,0.27963218273213464,0.3775151651786407,0.48428085,0.11410274,0.083785735,0.036500387,0.089509465,0.258544,0.1947860601857386
2015-01-12 02:00:00,0,0.025896788,0.3717088997575697,0.37514190686258675,0.5046041,0.110642865,0.07704457,0.038331352,0.08252675,0.2983909,0.20936534754064742
2015-01-12 02:30:00,0,0.023867011,0.39845191429261995,0.3714628685268162,0.51913905,0.108209096,0.07362618,0.037811615,0.07693691,0.34366843,0.21701923087540448
2015-01-12 03:00:00,0,0.02456975,0.32435101451680914,0.3686670969465563,0.531616,0.10654828,0.072896354,0.03561603,0.07198515,0.38812158,0.21381902436702094
2015-01-12 03:30:00,0,0.024466872,0.32169389378561775,0.3661249762101062,0.5442215,0.105945125,0.07453139,0.040911127,0.06542061,0.43596163,0.21991968362393763
2015-01-12 04:00:00,0,0.021919847,0.16565018623575156,0.3581021625708314,0.53200185,0.10800284,0.07843428,0.03059508,0.058399543,0.4731074,0.2029125769448637
2015-01-12 04:30:00,0,0.020105004,0.30192992888737713,0.35599644958788257,0.5351318,0.11046112,0.08276987,0.029620668,0.056409977,0.49875155,0.22124182057067543
2015-01-12 05:00:00,0,0.022276044,0.32805449782261853,0.3582637812964371,0.5174669,0.11237042,0.08640046,0.029732008,0.06122066,0.5091931,0.22499754330203725
2015-01-12 05:30:00,0,0.02248025,0.5171670023340038,0.3608821909913408,0.42489758,0.11430352,0.08684782,0.033627372,0.07331219,0.49965394,0.2370190962324213
2015-01-12 06:00:00,0,0.024118066,0.5732861639777429,0.3648463149338753,0.3376878,0.11529065,0.08478253,0.028979545,0.08523325,0.47687095,0.23234391844316102
2015-01-12 06:30:00,0,0.025500774,0.48136519364959796,0.3656496800900635,0.13304056,0.11761383,0.07974552,0.041315738,0.08867912,0.44517866,0.1975654532806279
2015-01-12 07:00:00,0,0.027398348,0.454310631207127,0.36605890649570116,0.009943527,0.11842901,0.07453983,0.03699675,0.09118626,0.41010815,0.1765523797901835
2015-01-12 07:30:00,0,0.02981925,0.42703547775438544,0.36657199356436565,0.15727293,0.12391991,0.072944626,0.04616917,0.09255134,0.38474318,0.18900309894170028
2015-01-12 08:00:00,0,0.03032422,0.2670586058441362,0.36933811276513784,0.22493125,0.12705566,0.07395557,0.04236782,0.09013939,0.36687702,0.17689418393571515
2015-01-12 08:30:00,0,0.029086351,0.27134888566636484,0.3760265840579067,0.22548866,0.12953177,0.07665727,0.03736859,0.08497287,0.36161333,0.17689936915149665
2015-01-12 09:00:00,0,0.028628469,0.29241724122879376,0.37663316155852045,0.18119775,0.12592173,0.07793631,0.03020406,0.08294439,0.35833326,0.17269070713851034
2015-01-12 09:30:00,0,0.030868888,0.42361257009393327,0.3778206303517341,0.14685406,0.124226116,0.07848257,0.032096688,0.08331559,0.35841,0.18396523413358967
2015-01-12 10:00:00,0,0.032246947,0.387204113227968,0.37093389099398255,0.07666602,0.12236231,0.078370675,0.030157685,0.086001694,0.3591723,0.17145729432265344
2015-01-12 10:30:00,0,0.031649113,0.3332035976740446,0.36607128374948383,0.064317726,0.12065767,0.075910114,0.030278541,0.086303286,0.35435402,0.16252726136987025
2015-01-12 11:00:00,0,0.03431189,0.5040974528923403,0.3618569153778225,0.03134607,0.120639004,0.075671665,0.034205236,0.084636554,0.35238743,0.17768357972378246
2015-01-12 11:30:00,0,0.03469932,0.49656148850586845,0.3569896459484714,0.10659348,0.11460003,0.072476186,0.03835313,0.08247875,0.34939057,0.18357139991247323
2015-01-12 12:00:00,0,0.036970854,0.36350907007650335,0.3542848753554845,0.13549191,0.10991009,0.0727094,0.043526173,0.080808796,0.3458001,0.17144569632745232
2015-01-12 12:30:00,0,0.03314221,0.5512227486824202,0.34497987618176096,0.09030059,0.0995325,0.066004045,0.033589214,0.07692436,0.33327037,0.18099621280771716
2015-01-12 13:00:00,0,0.036721468,0.35079309556809335,0.3338281841149606,0.072850056,0.09138391,0.061079137,0.032522347,0.07421916,0.32141936,0.15275741302264403
2015-01-12 13:30:00,0,0.039837837,0.27422209344493353,0.326898229323368,0.1142254,0.08622585,0.058689777,0.033362664,0.07293466,0.31567597,0.14689694301667156
2015-01-12 14:00:00,0,0.03987074,0.3566609355615711,0.3233966449382154,0.11984217,0.08341001,0.057530656,0.03088426,0.07170778,0.31016845,0.15483018227240977
2015-01-12 14:30:00,0,0.04290366,0.34364599499844317,0.3220242428125234,0.18158361,0.083197564,0.056659758,0.03426942,0.070771076,0.3094985,0.16050597976993158
2015-01-12 15:00:00,0,0.048220396,0.38342477462128066,0.32559658487520693,0.2150269,0.08585414,0.057925086,0.029783625,0.06941252,0.31123266,0.1696085209441597
2015-01-12 15:30:00,0,0.04716611,0.4455238806859825,0.32062529274796825,0.081553884,0.08465599,0.05569722,0.054837108,0.06594718,0.31094748,0.1629949053686384
2015-01-12 16:00:00,0,0.04641652,0.40741454864790505,0.31239856560186363,0.035933807,0.08550896,0.054123443,0.0412837,0.059884965,0.30390024,0.14965163898071346
2015-01-12 16:30:00,0,0.047351956,0.5277144867855696,0.2928413556507408,0.013852661,0.08823589,0.051886786,0.037420105,0.053007912,0.29846546,0.15675295723306434
2015-01-12 17:00:00,0,0.048491955,0.3159756816805661,0.2777362928639724,0.09921881,0.08909336,0.049848314,0.03353406,0.05123313,0.29516,0.14003239970220607
2015-01-12 17:30:00,0,0.049971223,0.3122139232626271,0.27284812093760535,0.20846689,0.09033506,0.04979072,0.037469078,0.052086122,0.29075116,0.1515480332172503
2015-01-12 18:00:00,0,0.051885962,0.36111444429514883,0.2706059414585467,0.29919252,0.09407067,0.050891347,0.035534367,0.05274455,0.29748526,0.16816945159364458
2015-01-12 18:30:00,0,0.05221653,0.36902953960783513,0.26974156281212597,0.33349335,0.09953358,0.052608293,0.0331666,0.049238056,0.30411068,0.1736820208354646
2015-01-12 19:00:00,0,0.052855253,0.43878614630538415,0.27331095142121414,0.30913976,0.104049854,0.05494667,0.031820714,0.04845068,0.31011114,0.18038568444736963
2015-01-12 19:30:00,0,0.055119634,0.3455524786069386,0.27911131700831737,0.2550731,0.10716518,0.05796203,0.031771928,0.05578752,0.31385797,0.16682235102797216
2015-01-12 20:00:00,0,0.050953746,0.25622916110110694,0.27398932877812093,0.24435408,0.10330205,0.057035852,0.039698858,0.06578759,0.31975248,0.15678923912775267
2015-01-12 20:30:00,0,0.04875493,0.23449517709259382,0.26157637208694023,0.17836791,0.094481386,0.054709535,0.046112258,0.0730553,0.32140684,0.1458844122425693
2015-01-12 21:00:00,0,0.042405963,0.2923751521767084,0.24765312528631717,0.18990158,0.084810704,0.05166247,0.037763786,0.079305686,0.324897,0.15008616154131038
2015-01-12 21:30:00,0,0.042512655,0.3760910465625713,0.23898193651761773,0.15435736,0.079660356,0.05192269,0.031564236,0.08500404,0.32567817,0.153974720871453
2015-01-12 22:00:00,0,0.041311026,0.4683972579310325,0.2330199116961934,0.12545891,0.0737184,0.05153655,0.034885593,0.09398494,0.32269,0.1605558439986216
2015-01-12 22:30:00,0,0.039515853,0.6101169509304842,0.2327082855157872,0.01213762,0.06476594,0.051885054,0.035877526,0.10938733,0.3175056,0.16376668387558835
2015-01-12 23:00:00,0,0.04144907,0.5365715697480393,0.24761456467210757,0.08557681,0.06331515,0.05719308,0.047733087,0.1324454,0.31618705,0.16978730947687784
2015-01-12 23:30:00,0,0.04053092,0.42537703035030283,0.24925887602430907,0.1792609,0.05772441,0.06113496,0.031762846,0.14947735,0.308763,0.16703225347798825
2015-01-13 00:00:00,0,0.043092847,0.5284407776380107,0.24634179925523586,0.13861443,0.054463733,0.060348123,0.06597962,0.13979062,0.2924507,0.1743914060001546
2015-01-13 00:30:00,0,0.042650223,0.46105412276198265,0.24233491283994785,0.30222932,0.04803866,0.05511693,0.045226213,0.11685058,0.28070635,0.1771341444374805
2015-01-13 01:00:00,0,0.04140997,0.6437503335655315,0.240132940101978,0.3957419,0.042098626,0.047956206,0.03978374,0.10228205,0.27597076,0.20323628088571574
2015-01-13 01:30:00,0,0.041574955,0.6858653991979828,0.23946445055417753,0.44526365,0.039378077,0.04293012,0.030685501,0.09810445,0.26516652,0.20982590262618026
2015-01-13 02:00:00,0,0.04151225,0.650624985588351,0.23883476099026713,0.47913572,0.038800523,0.040232792,0.033232674,0.098926716,0.26239842,0.20929987176692974
2015-01-13 02:30:00,0,0.041405916,0.569176786726203,0.23912621014791957,0.516052,0.03934592,0.03925219,0.030908765,0.101584926,0.25943875,0.204032386364238
2015-01-13 03:00:00,0,0.041455507,0.6559836360343798,0.23947372704994624,0.53903353,0.040265955,0.03940386,0.030396389,0.10364977,0.2606606,0.21670255192787227
2015-01-13 03:30:00,0,0.04142642,0.6490702075052557,0.2394943238902933,0.54152036,0.040905103,0.040123876,0.026555656,0.10071633,0.25792554,0.21530420153943636
2015-01-13 04:00:00,0,0.04142201,0.6287750247263766,0.23943026856381422,0.534703,0.04192939,0.041646525,0.028080316,0.09826606,0.25831595,0.2125076176830324
2015-01-13 04:30:00,0,0.0412724,0.6150092356129235,0.23934660333659352,0.54413575,0.043790683,0.043944612,0.030936666,0.09960629,0.25878164,0.2129804314899263
2015-01-13 05:00:00,0,0.040591,0.6732738333421615,0.23903567685217614,0.52891475,0.046812925,0.046667036,0.031770617,0.10082543,0.26017874,0.2186744458899538
2015-01-13 05:30:00,0,0.038980722,0.7232634585641655,0.23892877435290277,0.4325295,0.050427154,0.049027167,0.033691235,0.10700965,0.26106608,0.21499152763136203
2015-01-13 06:00:00,0,0.039627433,0.603255368988652,0.23817521282068277,0.3422326,0.055523794,0.052634988,0.03271594,0.117996804,0.2617027,0.1937627601624918
2015-01-13 06:30:00,0,0.04282093,0.6807647615192494,0.23740533732408992,0.12605175,0.05303078,0.052031644,0.03402032,0.118006915,0.2612094,0.17837131568482223
2015-01-13 07:00:00,0,0.043994546,0.6577639627974037,0.2385709424589555,0.023885649,0.048903603,0.050895814,0.039550874,0.11322699,0.26088464,0.16418633569495858
2015-01-13 07:30:00,0,0.0432204,0.515369158648479,0.2445561088045602,0.23333497,0.03870566,0.043907706,0.044059187,0.10865115,0.26405495,0.17065103256647726
2015-01-13 08:00:00,0,0.04096055,0.48104815663389466,0.2447838451185071,0.29683435,0.03039603,0.037258323,0.04095712,0.10136028,0.26853856,0.17134857938099188
2015-01-13 08:30:00,0,0.037724614,0.4551368616257232,0.23999048936385775,0.29524794,0.025816971,0.033470016,0.034423005,0.09605191,0.27389932,0.1657512361560266
2015-01-13 09:00:00,0,0.036076427,0.30034418471053215,0.23889817922513523,0.250271,0.024295524,0.03225078,0.032313135,0.094719246,0.27619606,0.14281828116111822
2015-01-13 09:30:00,0,0.039316535,0.2857942384286787,0.2381678549649679,0.21644183,0.023943508,0.031858172,0.028447205,0.09558914,0.2791973,0.13763953143806842
2015-01-13 10:00:00,0,0.038672447,0.30669877505543397,0.239919960008176,0.15933096,0.023285145,0.031507358,0.02679335,0.09862038,0.28131717,0.1340161723001729
2015-01-13 10:30:00,0,0.03880632,0.2944480232477833,0.2418802503863569,0.15307108,0.022449693,0.031255983,0.03142396,0.09880012,0.28304556,0.13279788742407875
2015-01-13 11:00:00,0,0.04085672,0.4089951295269376,0.24488295521403036,0.12344375,0.020464076,0.030585637,0.027911397,0.0958811,0.28399256,0.14189036908491137
2015-01-13 11:30:00,0,0.040813565,0.3575576557394342,0.24760685328578774,0.19170237,0.02130554,0.032089114,0.03391051,0.08543863,0.28663492,0.14411768418020737
2015-01-13 12:00:00,0,0.04050517,0.3431792654042596,0.24652050161080236,0.19440354,0.022902304,0.032941837,0.029063392,0.07586752,0.2884593,0.14153809280932855
2015-01-13 12:30:00,0,0.04105699,0.40055364564226714,0.24788718464243753,0.16057438,0.023574948,0.03358278,0.030686865,0.07858257,0.28992262,0.14515799841387955
2015-01-13 13:00:00,0,0.04060042,0.30253806782197756,0.25032554046373295,0.1355348,0.02328044,0.034308333,0.028134434,0.08125617,0.29071686,0.1318550063487474
2015-01-13 13:30:00,0,0.039105654,0.16278058839552578,0.25239389704609505,0.18098336,0.024582542,0.03527747,0.034650892,0.08193512,0.293342,0.12278350290287156
2015-01-13 14:00:00,0,0.038854003,0.21452697929571585,0.25316876984509296,0.19701897,0.026337273,0.03644645,0.034877773,0.07899153,0.29430497,0.13050296807035583
2015-01-13 14:30:00,0,0.039837122,0.3935938128588372,0.25665347682647116,0.25734553,0.031723186,0.037483063,0.042983916,0.07321713,0.29765233,0.15894328542858358
2015-01-13 15:00:00,0,0.041013002,0.4311718497995738,0.25499094023506386,0.25181454,0.038050827,0.03718525,0.027803617,0.0698857,0.29946274,0.1612642742416843
2015-01-13 15:30:00,0,0.045223355,0.39557512373247405,0.2609785518340193,0.18398468,0.041484922,0.04067814,0.029546771,0.07282323,0.30554336,0.1528709039461148
2015-01-13 16:00:00,0,0.04508996,0.2956701513744697,0.2673585787218262,0.09930455,0.040158287,0.04175065,0.038039286,0.08015754,0.30238628,0.13443503193743533
2015-01-13 16:30:00,0,0.041520596,0.324481327484877,0.26800941751765395,0.0209272,0.03893553,0.04012689,0.038046177,0.0839722,0.30220577,0.12869167899528067
2015-01-13 17:00:00,0,0.03931725,0.3146818894981287,0.26691125571089797,0.112253115,0.038788002,0.040095903,0.033814505,0.085044086,0.30291548,0.13709127660454118
2015-01-13 17:30:00,0,0.039126992,0.31529924772850215,0.2657070089443924,0.2513,0.037503704,0.0412556,0.03360107,0.08187073,0.30367637,0.15214896965723962
2015-01-13 18:00:00,0,0.037130594,0.3140991174851777,0.2648683975234157,0.37045246,0.0355985,0.04179453,0.027229872,0.0752778,0.30956325,0.1640016138141845
2015-01-13 18:30:00,0,0.03519404,0.3584570766727868,0.26186624140470194,0.42794916,0.034469984,0.041744355,0.029164629,0.071838126,0.31930456,0.17555424084910243
2015-01-13 19:00:00,0,0.03462267,0.3487807804094558,0.25300669447578916,0.44274142,0.03491881,0.042307205,0.024502784,0.076056585,0.3313742,0.17647901683876469
2015-01-13 19:30:00,0,0.03399396,0.15804429787887386,0.2426498460045542,0.42087466,0.035112135,0.042469595,0.028125983,0.086687766,0.34564552,0.15484486157276464
2015-01-13 20:00:00,0,0.03262961,0.24039190422583445,0.23269816570222135,0.41422886,0.03559179,0.042162567,0.02711171,0.09516728,0.35945064,0.16438139091357984
2015-01-13 20:30:00,0,0.029910803,0.22826167882937654,0.21971236422231316,0.4015376,0.034261104,0.039198354,0.025725033,0.09798772,0.37513486,0.16130327868906325
2015-01-13 21:00:00,0,0.031015873,0.32088583762726053,0.2087062733668884,0.40312397,0.034406614,0.03735208,0.027256211,0.09590175,0.3902928,0.1721046009447496
2015-01-13 21:30:00,0,0.029737592,0.4467575631396272,0.1926894035934828,0.39231923,0.03469319,0.035601847,0.031138323,0.09411531,0.40504274,0.18467724410312839
2015-01-13 22:00:00,0,0.026666641,0.5052904430270004,0.18054700645207533,0.31968725,0.03536337,0.03454311,0.03285619,0.100565806,0.4141603,0.18329779120484685
2015-01-13 22:30:00,0,0.028183699,0.35400867799100944,0.1730550871443826,0.19826238,0.034700956,0.033022106,0.039884456,0.118176565,0.4161349,0.1550476464692072
2015-01-13 23:00:00,0,0.029603362,0.23629993861115217,0.18129252884564379,0.055185135,0.035498574,0.032776408,0.0709491,0.13356152,0.41242033,0.13195410015845058
2015-01-13 23:30:00,0,0.029545426,0.2966099410330205,0.18576487881102516,0.059293814,0.039493002,0.033160403,0.024189966,0.13566385,0.40585947,0.13439786153856012
2015-01-14 00:00:00,0,0.026581168,0.3344558699794167,0.18769076624221465,0.16241063,0.037850346,0.03306457,0.034700777,0.109648995,0.40553856,0.14799352047882963
2015-01-14 00:30:00,0,0.02497816,0.23811822356559986,0.1896738648683286,0.27573192,0.036564413,0.03300119,0.019623205,0.09702822,0.40158907,0.14625647346673487
2015-01-14 01:00:00,0,0.023299456,0.4102519559819129,0.19005478672990983,0.34947866,0.035250474,0.03246485,0.013485816,0.089478254,0.39413798,0.17087802600104063
2015-01-14 01:30:00,0,0.022991657,0.3953455171735829,0.19065427704667798,0.41074848,0.034784686,0.03216017,0.016071765,0.08678042,0.38788083,0.1752686452854929
2015-01-14 02:00:00,0,0.022802234,0.23019735685492826,0.19147976916786275,0.4526812,0.034931626,0.032048,0.015398365,0.088176385,0.38262802,0.16114921903390741
2015-01-14 02:30:00,0,0.022761703,0.2650056029343446,0.19155444514293124,0.48530987,0.03527216,0.031751283,0.01228117,0.09195631,0.37812737,0.16822443413941623
2015-01-14 03:00:00,0,0.022683144,0.26725135484647744,0.19135844004208125,0.4993732,0.035827707,0.031309508,0.0120379655,0.094757885,0.36976686,0.169374006972949
2015-01-14 03:30:00,0,0.022649169,0.3249338093915579,0.19129700857556053,0.5151945,0.037009213,0.031298418,0.013768539,0.093268566,0.36489356,0.17714586151236314
2015-01-14 04:00:00,0,0.022622943,0.3480421252744925,0.1913254254392363,0.5164378,0.038880277,0.03239775,0.015565642,0.09517476,0.35870698,0.1799059703438824
2015-01-14 04:30:00,0,0.022596478,0.5323643498695052,0.19108637062201622,0.5279715,0.038898215,0.03402248,0.02015755,0.099776566,0.3581297,0.20277813617085008
2015-01-14 05:00:00,0,0.022167206,0.5127594610403818,0.19085453372131322,0.5190104,0.035814915,0.03496017,0.020708824,0.10251271,0.35478398,0.19928580275502356
2015-01-14 05:30:00,0,0.021620393,0.5464372846856662,0.19096819381079527,0.42125314,0.033324096,0.03581144,0.022959018,0.10624208,0.35342026,0.19244843447253762
2015-01-14 06:00:00,0,0.021129608,0.3395803596568303,0.19149053159695523,0.33400047,0.03315467,0.036439385,0.020948725,0.11599865,0.35582715,0.16095217208151866
2015-01-14 06:30:00,0,0.021931648,0.24180041353062443,0.19189788355386472,0.101526685,0.035250023,0.038394418,0.029284429,0.12510449,0.35576236,0.12677248324962884
2015-01-14 07:00:00,0,0.022230387,0.3710094932506074,0.1923887368618291,0.04588104,0.039107256,0.04151147,0.02167011,0.12876691,0.3521019,0.13496303260733056
2015-01-14 07:30:00,0,0.022314787,0.3509291052297083,0.18965577772701547,0.2422103,0.034994755,0.037659347,0.026904395,0.13105147,0.3524306,0.15423894924554343
2015-01-14 08:00:00,0,0.021564245,0.4552782244753857,0.18328535508730875,0.28217074,0.029540902,0.03103932,0.017606562,0.13203485,0.3524611,0.1672201449113191
2015-01-14 08:30:00,0,0.021070123,0.38752827826142244,0.18048009157856787,0.2960197,0.02583275,0.026091475,0.011937499,0.13232175,0.35406464,0.15948292313756812
2015-01-14 09:00:00,0,0.02157545,0.3505991756164697,0.17883781118603936,0.26034686,0.024434794,0.02393364,0.012241787,0.1312892,0.35460454,0.15087369549009433
2015-01-14 09:30:00,0,0.021289825,0.39134561497330367,0.17620322930726584,0.20147808,0.023409566,0.0226796,0.0119421575,0.13091679,0.35266283,0.1479919659663934
2015-01-14 10:00:00,0,0.021936536,0.37387841866262583,0.17227082000608107,0.12009942,0.023917919,0.022905359,0.012876496,0.13467121,0.3535124,0.13734095374995103
2015-01-14 10:30:00,0,0.021873116,0.2867171569192024,0.16981112345712407,0.13180457,0.024014346,0.022865796,0.011309255,0.13904987,0.35415626,0.12906683262011864
2015-01-14 11:00:00,0,0.022706032,0.2965795753619762,0.16798115698079258,0.08348331,0.025171617,0.023449508,0.008725124,0.14324008,0.3536757,0.12500134390928888
2015-01-14 11:30:00,0,0.022501826,0.4018969546304678,0.16415282929926278,0.160703,0.024458086,0.023322456,0.010410735,0.14016029,0.35448173,0.1446764344423507
2015-01-14 12:00:00,0,0.022140503,0.3269889479957957,0.16023817386314393,0.16661988,0.023581132,0.023426764,0.0076278453,0.13476115,0.3518526,0.13524855539069078
2015-01-14 12:30:00,0,0.021468043,0.5868980858485315,0.15939881487224228,0.12220035,0.02283633,0.024102861,0.012572473,0.13424772,0.34919825,0.1592136585697398
2015-01-14 13:00:00,0,0.021873116,0.44109303092766616,0.15853705824447462,0.09394505,0.0219648,0.02553722,0.016961947,0.13875799,0.35061097,0.1410312424592857
2015-01-14 13:30:00,0,0.022853255,0.49114076369729,0.15555361715215893,0.15354271,0.020464933,0.025276158,0.019040862,0.14148481,0.34804717,0.15304492000737102
2015-01-14 14:00:00,0,0.024279952,0.4269184714597216,0.15143507398748335,0.16066013,0.01873109,0.023727758,0.015246342,0.1458165,0.34785667,0.1460746661041086
2015-01-14 14:30:00,0,0.027118564,0.33414117718271896,0.14387090554502052,0.18728614,0.01664889,0.018821767,0.014004069,0.14445132,0.34210894,0.13649464073716372
2015-01-14 15:00:00,0,0.026223063,0.27287932563274,0.13584531705875819,0.18998732,0.017421426,0.01495484,0.0153228585,0.13877846,0.33996567,0.12793092019414296
2015-01-14 15:30:00,0,0.025355697,0.2934515958273476,0.125402280772132,0.12631644,0.019384738,0.015522074,0.015827108,0.1301197,0.33816162,0.12106013892522663
2015-01-14 16:00:00,0,0.025803447,0.2213321702528095,0.11263985539537663,0.042107955,0.020745544,0.018296778,0.01239879,0.12226347,0.3376043,0.1014658135035446
2015-01-14 16:30:00,0,0.026759386,0.27587408472311026,0.10912665237419761,0.0055272966,0.021021228,0.017446186,0.014068017,0.115188636,0.3393218,0.10270369768889909
2015-01-14 17:00:00,0,0.027011633,0.1268350661172697,0.10968150392817888,0.08309742,0.023935445,0.017395923,0.012286504,0.104700126,0.33840093,0.09370495009824051
2015-01-14 17:30:00,0,0.025696635,0.16243411532327912,0.10886296641686283,0.24465424,0.025820296,0.017415933,0.012352316,0.09415086,0.3386099,0.11444414090298292
2015-01-14 18:00:00,0,0.025183082,0.2740286010329047,0.10798275991065093,0.3632493,0.025545204,0.01626104,0.009468996,0.08676197,0.33781856,0.13847772368211875
2015-01-14 18:30:00,0,0.02640307,0.1089711307129928,0.10454672230921686,0.408312,0.022957595,0.014662106,0.010212376,0.08378467,0.33477524,0.12384721118963338
2015-01-14 19:00:00,0,0.02727151,0.20174546668429016,0.10378556907551723,0.43039313,0.020174032,0.013711583,0.009581857,0.08523651,0.33225808,0.13601752604723646
2015-01-14 19:30:00,0,0.026686668,0.11152808553739924,0.1051763934600749,0.42207515,0.018622354,0.014098518,0.0093282815,0.08576935,0.33281267,0.12512194081185982
2015-01-14 20:00:00,0,0.027834892,0.12665363163308463,0.12432061890157747,0.3421114,0.01991941,0.017070852,0.0121073695,0.08801852,0.32458076,0.12029082933918067
2015-01-14 20:30:00,0,0.029913425,0.17335928373677945,0.13075427196301836,0.33366483,0.023518119,0.020265065,0.0099599175,0.09000305,0.31894118,0.12559768267806065
2015-01-14 21:00:00,0,0.030249238,0.25991641249100006,0.13639791669643825,0.35951906,0.025741473,0.021627765,0.012885308,0.09011341,0.31479102,0.13902684556724465
2015-01-14 21:30:00,0,0.029428124,0.25640403106474174,0.1439341838406909,0.33996764,0.026547227,0.021430846,0.0202405,0.08518266,0.30734158,0.13671964294064617
2015-01-14 22:00:00,0,0.028059006,0.49457746355172283,0.13845292933976983,0.35008636,0.02668603,0.019995542,0.016063686,0.07912342,0.307365,0.1622677156402365
2015-01-14 22:30:00,0,0.02833271,0.49320711071984924,0.16210112732274184,0.22617467,0.028375315,0.020946005,0.013820437,0.08597182,0.31173012,0.15229547849525987
2015-01-14 23:00:00,0,0.027415633,0.30411983986818036,0.18847647512251442,0.093602054,0.03234436,0.02489032,0.05115877,0.105047286,0.30694517,0.1259999904112877
2015-01-14 23:30:00,0,0.026254296,0.20266930591992605,0.2081847347072,0.018733108,0.039809607,0.028897317,0.035316166,0.12680253,0.3084985,0.11057395229123744
2015-01-15 00:00:00,0,0.025816798,0.1705272355304821,0.22040571507338252,0.15091985,0.036021713,0.03110931,0.053411912,0.11457224,0.3077828,0.12339639782109768
2015-01-15 00:30:00,0,0.025454283,0.31251373640961333,0.23059653121036583,0.26758546,0.0359467,0.031464655,0.033503152,0.109535255,0.30624345,0.15031591320486992
2015-01-15 01:00:00,0,0.025935888,0.41609149212509244,0.2389341933142063,0.34810662,0.037091613,0.03268398,0.02383143,0.109129354,0.30169237,0.17038854897130312
2015-01-15 01:30:00,0,0.026009679,0.43843349781560015,0.24320372719067718,0.40693253,0.03812888,0.034608014,0.026620645,0.109552585,0.30205667,0.1806162477041014
2015-01-15 02:00:00,0,0.02587092,0.4357594495474135,0.24687263282374527,0.45019445,0.03847329,0.03662733,0.0232466,0.10929677,0.30348623,0.1855364072701714
2015-01-15 02:30:00,0,0.02589953,0.47075349708824454,0.2489595534454762,0.48964036,0.038098212,0.03827367,0.019530911,0.11323921,0.30012,0.19383499229499465
2015-01-15 03:00:00,0,0.02583313,0.47625137046465404,0.24984511814991894,0.507734,0.037410952,0.039010063,0.021153372,0.115588605,0.30593196,0.19763984076730562
2015-01-15 03:30:00,0,0.025837779,0.49873166422928605,0.25043836460063873,0.52008235,0.03729691,0.039049387,0.021030255,0.11240927,0.30245414,0.2008144587735724
2015-01-15 04:00:00,0,0.02584827,0.4444274605220784,0.2510597351475021,0.5139939,0.038553905,0.039106507,0.01891697,0.10785499,0.30408564,0.19376082222152297
2015-01-15 04:30:00,0,0.025819302,0.6609745761760912,0.2514763636001803,0.52608496,0.04051468,0.040467005,0.02585526,0.10660295,0.30351454,0.2201455155165957
2015-01-15 05:00:00,0,0.025902629,0.7028225020028849,0.251662449589735,0.5153231,0.04132429,0.042290393,0.02689287,0.10133773,0.3028012,0.22337301788475067
2015-01-15 05:30:00,0,0.026515484,0.6001016494577023,0.2518644555043425,0.4280704,0.042536113,0.04413521,0.025906278,0.09310368,0.30377197,0.2017783594553795
2015-01-15 06:00:00,0,0.027398586,0.5071155973300101,0.25229250004947124,0.33322868,0.045807533,0.045999173,0.032313086,0.09378539,0.30393708,0.18243084678639698
2015-01-15 06:30:00,0,0.028480053,0.4640266759156457,0.2539658745634857,0.10838686,0.047010034,0.046617307,0.035248015,0.10185897,0.30301455,0.15428981544759068
2015-01-15 07:00:00,0,0.030828476,0.550959600426367,0.2576986053598786,0.04532365,0.049838148,0.048195235,0.034694612,0.10860691,0.3092124,0.15948418081567217
2015-01-15 07:30:00,0,0.03034556,0.5129967912057012,0.26283451385764384,0.22141545,0.04611046,0.044235498,0.029951965,0.11110988,0.31082866,0.17442541886276425
2015-01-15 08:00:00,0,0.030385017,0.6557242391792801,0.2640850584029521,0.27561072,0.045193516,0.04145178,0.031059792,0.11090895,0.31232262,0.19630463120404473
2015-01-15 08:30:00,0,0.030252695,0.5527328296960494,0.26421545595701085,0.29434752,0.044630744,0.039565284,0.03126135,0.106674194,0.3126149,0.18625499622180128
2015-01-15 09:00:00,0,0.029936194,0.4552568817053473,0.26082237600668506,0.24319644,0.04362203,0.039131027,0.022947852,0.10105444,0.30613786,0.1669005669140447
2015-01-15 09:30:00,0,0.029667497,0.5116796284793033,0.2593876291270764,0.20679471,0.04294229,0.03979493,0.021064876,0.09953774,0.31196868,0.16920421992831677
2015-01-15 10:00:00,0,0.03018105,0.5331654073893883,0.26388988373076255,0.10492131,0.04324142,0.04028876,0.02198663,0.10574604,0.31222975,0.1617389170366238
2015-01-15 10:30:00,0,0.030440211,0.6743083794757432,0.26625086054090596,0.11276762,0.0443404,0.040180884,0.023270622,0.113427415,0.30850285,0.1792765828838293
2015-01-15 11:00:00,0,0.03059411,0.677501421360061,0.2732525489018033,0.052312445,0.046887208,0.040283144,0.022421386,0.11962515,0.31281266,0.17507667448415276
2015-01-15 11:30:00,0,0.030548453,0.6373921515059493,0.27324473440239033,0.12635931,0.048342988,0.03990378,0.022589989,0.12190953,0.3134977,0.17930984775193248
2015-01-15 12:00:00,0,0.030650139,0.6248814802293623,0.27314696477707745,0.1582162,0.048474684,0.03994537,0.020060373,0.122827806,0.3115761,0.181086567804331
2015-01-15 12:30:00,0,0.030255198,0.6969902908943428,0.2750469708218984,0.10500707,0.047038484,0.041110355,0.025913669,0.12471367,0.31046054,0.1840595822772179
2015-01-15 13:00:00,0,0.030587792,0.557023972527583,0.27645838284027696,0.07658026,0.045680817,0.04304286,0.02361424,0.12720817,0.31261,0.1658673893375221
2015-01-15 13:30:00,0,0.03217745,0.5710698614477945,0.2773860250519262,0.13900775,0.045431517,0.042948104,0.021951005,0.12785144,0.30926228,0.17412060283473663
2015-01-15 14:00:00,0,0.032550216,0.33740499173563165,0.2791936159870546,0.15461461,0.045524642,0.041933104,0.024479048,0.1298807,0.31296122,0.15094912753047396
2015-01-15 14:30:00,0,0.03243637,0.21023231686973887,0.2808779462672111,0.18527097,0.047693808,0.039672457,0.02403226,0.13038942,0.3145356,0.14057123699595828
2015-01-15 15:00:00,0,0.032249212,0.0878145080919559,0.28205414627239284,0.18741475,0.051682327,0.038560685,0.024110632,0.12350409,0.31297356,0.12670710078312306
2015-01-15 15:30:00,0,0.032073855,0.21188256018558604,0.283128761467817,0.12181446,0.05311564,0.04100724,0.026996395,0.116380386,0.31385598,0.13336169692923375
2015-01-15 16:00:00,0,0.03250456,0.16014023177713987,0.28364756394792773,0.043608613,0.05006947,0.043705896,0.03341603,0.115022235,0.3156622,0.11975297800066295
2015-01-15 16:30:00,0,0.03270316,0.304351499473567,0.2841959672509796,0.01911899,0.045718156,0.042220704,0.03069069,0.11804598,0.31315154,0.13224407621052883
2015-01-15 17:00:00,0,0.031819105,0.29072448304259524,0.2842987415439185,0.08421219,0.046067126,0.04075212,0.029672133,0.11776715,0.31653392,0.13798299680255818
2015-01-15 17:30:00,0,0.031535387,0.3663786327436238,0.2854629914781318,0.22617467,0.0487523,0.040227555,0.029636107,0.11307312,0.31736463,0.16206726582420686
2015-01-15 18:00:00,0,0.030930758,0.4724153953875696,0.2867519125071264,0.3584472,0.050974682,0.039247464,0.024353765,0.10687824,0.31745118,0.18749451036047818
2015-01-15 18:30:00,0,0.03158152,0.42144173945292174,0.2860418168262593,0.41555804,0.05019575,0.039156225,0.026132474,0.10324575,0.31454736,0.18754451951314327
2015-01-15 19:00:00,0,0.030503273,0.5560996296924348,0.28520562119774956,0.4505877,0.047186945,0.04010627,0.029088771,0.1034735,0.32127804,0.20705885943352392
2015-01-15 19:30:00,0,0.030787945,0.6570684419879758,0.28516758351422633,0.43455207,0.041971292,0.04192133,0.024881857,0.10531012,0.3227145,0.21604168318431874
2015-01-15 20:00:00,0,0.030306697,0.5303980527788266,0.2795879535985704,0.43159366,0.03714124,0.041677482,0.024279382,0.110111415,0.3324228,0.20194651930511637
2015-01-15 20:30:00,0,0.029171348,0.4793241953597711,0.278647702128679,0.40389574,0.03392651,0.041247595,0.023904463,0.11070031,0.34074992,0.19350753080410155
2015-01-15 21:00:00,0,0.024113417,0.5042113014028793,0.2759346162012555,0.43498084,0.032821655,0.041346263,0.030289235,0.10723346,0.34544072,0.19959683328809188
2015-01-15 21:30:00,0,0.026982069,0.6287011635782989,0.2752546921479521,0.41821635,0.03232326,0.03929907,0.030396031,0.103468806,0.35378963,0.21204789638343222
2015-01-15 22:00:00,0,0.03269291,0.5459134732468431,0.277321638290505,0.4109703,0.031074502,0.035453707,0.0326488,0.10186992,0.36012098,0.20311847021212964
2015-01-15 22:30:00,0,0.035069585,0.6280123657182664,0.2627014574588272,0.36243463,0.03036588,0.03063776,0.030452548,0.10581474,0.36986664,0.2061506223306252
2015-01-15 23:00:00,0,0.035223126,0.5850988717802181,0.24248884964011752,0.28787324,0.031227086,0.027824132,0.05103895,0.11488462,0.3779184,0.194841918796081
2015-01-15 23:30:00,0,0.034110785,0.417274848510095,0.24267469994260227,0.15371422,0.039105624,0.03182256,0.025371293,0.12533927,0.37865567,0.16089655271664835
2015-01-16 00:00:00,0,0.03593874,0.43625282234049223,0.25870092722920685,0.015310447,0.03570105,0.03373714,0.05428793,0.12426485,0.37578252,0.1522196032167524
2015-01-16 00:30:00,0,0.03681147,0.5027796845259314,0.27054130796222414,0.10967313,0.035966977,0.033490594,0.04810087,0.1202864,0.36310133,0.16897241823082607
2015-01-16 01:00:00,0,0.037404776,0.44018371949431945,0.2838328323979586,0.22085065,0.0374536,0.033584952,0.036875095,0.11543648,0.35094333,0.17295171413932878
2015-01-16 01:30:00,0,0.031714916,0.4201457316256132,0.2942274791830362,0.31397736,0.039179333,0.034647577,0.030353488,0.11180137,0.33926737,0.17947940325472253
2015-01-16 02:00:00,0,0.031413436,0.4318655801576501,0.29801027875135105,0.3545809,0.039538056,0.03490856,0.02525723,0.10791914,0.32752302,0.18344624589285477
2015-01-16 02:30:00,0,0.03116262,0.41212604360906013,0.3001396709196085,0.4030737,0.039493416,0.034842655,0.022280477,0.10752057,0.31336325,0.18488915631865005
2015-01-16 03:00:00,0,0.031166553,0.33575518882419075,0.3015551816834379,0.43591672,0.0393595,0.034881163,0.023425668,0.10483939,0.30183914,0.1787487235006128
2015-01-16 03:30:00,0,0.031094074,0.1833160524128914,0.30378289218596805,0.47737783,0.039712366,0.035451476,0.023988135,0.1027465,0.29566234,0.16590351913973422
2015-01-16 04:00:00,0,0.031209111,0.2699177010411944,0.3046348493872806,0.46725908,0.041928876,0.036255445,0.022994062,0.10345084,0.29458272,0.17469252123196533
2015-01-16 04:30:00,0,0.031369448,0.4496747088302886,0.30471687953545357,0.48964036,0.044200446,0.03815924,0.026434986,0.107195996,0.28850302,0.19776612003872887
2015-01-16 05:00:00,0,0.031522393,0.3551697254740418,0.3047672208205501,0.4936707,0.043779574,0.04071649,0.026971688,0.10693002,0.28515202,0.18763109239018472
2015-01-16 05:30:00,0,0.031054854,0.4390218797760923,0.3047916733540571,0.4180803,0.042761527,0.042628486,0.022750514,0.10445508,0.2774544,0.18699985817632406
2015-01-16 06:00:00,0,0.028567314,0.2399967006098933,0.30467858038658713,0.33451492,0.04246526,0.043295745,0.02480593,0.10969714,0.28661644,0.15718200323739748
2015-01-16 06:30:00,0,0.029694676,0.1958942778129078,0.30414775418329865,0.12879583,0.044151265,0.043258637,0.03406168,0.11867301,0.28749016,0.1317963661742162
2015-01-16 07:00:00,0,0.032292485,0.23814994204517603,0.3043852715106483,0.011665984,0.04697753,0.04395322,0.028960858,0.122811414,0.28925645,0.12427257340687642
2015-01-16 07:30:00,0,0.032131076,0.23051859011733455,0.3076007244276643,0.19183098,0.047000356,0.04382273,0.035464156,0.122885585,0.27648887,0.14308256307504832
2015-01-16 08:00:00,0,0.03245449,0.42404411847812185,0.31073539191884536,0.23856585,0.047694054,0.043460205,0.040654924,0.12234843,0.28702715,0.17188717877404003
2015-01-16 08:30:00,0,0.033720136,0.2251204567925278,0.3096672139265192,0.25481585,0.04787187,0.043481328,0.034972515,0.11541272,0.28118655,0.14958318167786022
2015-01-16 09:00:00,0,0.04175937,0.3625342828533338,0.3226709828629003,0.21065356,0.048630342,0.044842627,0.03034574,0.1034658,0.285068,0.16110785696909596
2015-01-16 09:30:00,0,0.042218447,0.2430005673810225,0.3234181550659585,0.17665288,0.048666056,0.046625808,0.02022783,0.09551719,0.28491962,0.1423607278395828
2015-01-16 10:00:00,0,0.039518595,0.16147229332159974,0.32267842173604555,0.10723661,0.04910091,0.046708945,0.025869505,0.09582069,0.28772816,0.12623712522670008
2015-01-16 10:30:00,0,0.039178967,0.23259810031821004,0.3234934644500276,0.09090085,0.050350796,0.047244977,0.029799724,0.10030246,0.28474492,0.1331793621456935
2015-01-16 11:00:00,0,0.03931105,0.4391761554991316,0.32309019282551654,0.04579529,0.05230203,0.04626322,0.02110401,0.10973305,0.28656816,0.15148257435443574
2015-01-16 11:30:00,0,0.03973472,0.44775027397500544,0.3228629647118142,0.12730259,0.054642458,0.047032867,0.021205448,0.11768844,0.28626394,0.16272041124044742
2015-01-16 12:00:00,0,0.04044211,0.2912341523255044,0.3229235215583488,0.12884612,0.054739118,0.048430227,0.019736093,0.12461675,0.2898397,0.14675642311776324
2015-01-16 12:30:00,0,0.04053688,0.28386140454781383,0.31984268278437733,0.10933754,0.05420546,0.049386177,0.021026175,0.1298506,0.2891024,0.14412770212196666
2015-01-16 13:00:00,0,0.039839506,0.10376491732672122,0.31749140965281686,0.089743204,0.05342603,0.04962257,0.01923781,0.13610667,0.28947142,0.12207817067935957
2015-01-16 13:30:00,0,0.039328218,0.19324997241483288,0.3160261357737344,0.14685406,0.05340037,0.049824867,0.020094715,0.1422328,0.29093403,0.13910501877942988
2015-01-16 14:00:00,0,0.038772702,0.237157469140568,0.31586561078343756,0.19517532,0.054488722,0.049331665,0.02053119,0.14694142,0.2936261,0.15021002256949945
2015-01-16 14:30:00,0,0.03894651,0.09299418793175818,0.3160242208162911,0.2232591,0.056816176,0.048826337,0.020031165,0.14637792,0.2967712,0.13778298019728602
2015-01-16 15:00:00,0,0.03994751,0.15026397699062954,0.31671139592960584,0.20525117,0.05956093,0.050267987,0.018912459,0.14248003,0.2986632,0.14245096207932192
2015-01-16 15:30:00,0,0.03973806,0.19836468682134267,0.31655932621294336,0.12738833,0.06140879,0.055139985,0.016832221,0.13366187,0.2996483,0.13874906435783063
2015-01-16 16:00:00,0,0.03854823,0.3176714425046203,0.31695202506280096,0.06363171,0.062322523,0.06063646,0.020888848,0.12413824,0.30096996,0.14508438292673972
2015-01-16 16:30:00,0,0.03767085,0.36553597012482086,0.3185604677890449,0.017025486,0.06130944,0.060299266,0.022421047,0.12026029,0.3013767,0.144939946325034
2015-01-16 17:00:00,0,0.038279176,0.38747819837750086,0.3182401580131553,0.11182435,0.063990116,0.060341224,0.024638724,0.11814432,0.30289644,0.15842585588714161
2015-01-16 17:30:00,0,0.0395118,0.5215296822218125,0.320425791008479,0.310083,0.069974475,0.059282623,0.025511745,0.12136549,0.30952877,0.19746815263739437
2015-01-16 18:00:00,0,0.04094565,0.41793089972917485,0.32234088470838695,0.41392875,0.07483711,0.05770461,0.024838893,0.12653834,0.31602302,0.19945423906024573
2015-01-16 18:30:00,0,0.042065024,0.39497602576601487,0.32572909993028465,0.50221044,0.080504276,0.05761183,0.02854645,0.12886886,0.32755604,0.2097853391360175
2015-01-16 19:00:00,0,0.042319417,0.2819330188843594,0.3297624532670056,0.5612507,0.08648455,0.060551457,0.029649708,0.12825376,0.3437782,0.2071092493004629
2015-01-16 19:30:00,0,0.0457505,0.4119851517271016,0.3332220080188879,0.57064056,0.09099965,0.06532235,0.028886456,0.123693466,0.36300626,0.22594515596035436
2015-01-16 20:00:00,0,0.04949212,0.2851751902748241,0.33341591219046607,0.516874,0.09100903,0.06788805,0.025797969,0.11562049,0.37436926,0.20662689298714734
2015-01-16 20:30:00,0,0.04951024,0.2902226091123197,0.3316466204042041,0.47472692,0.09049432,0.06857762,0.023711717,0.10600744,0.38299268,0.20198779623443747
2015-01-16 21:00:00,0,0.04926741,0.3801309877541179,0.330037271755785,0.46289316,0.09145618,0.07007027,0.024788307,0.1021002,0.38653433,0.21080867990779673
2015-01-16 21:30:00,0,0.047541857,0.45746090693500285,0.32590867874714247,0.47181135,0.09244383,0.071789026,0.021206278,0.10648168,0.39303315,0.22085297312550983
2015-01-16 22:00:00,0,0.046143055,0.35810365304146075,0.32216671196369606,0.49959502,0.093261585,0.07370941,0.023675947,0.111944176,0.40358993,0.21468772123813867
2015-01-16 22:30:00,0,0.045336127,0.4832570409394794,0.31632309411664694,0.51691693,0.0940113,0.07456596,0.02697723,0.11487772,0.4216533,0.2326576342029426
2015-01-16 23:00:00,0,0.043771267,0.36377193728081814,0.3070485390836618,0.4938496,0.09510598,0.07348207,0.04871003,0.12123155,0.44407615,0.2212274585610613
2015-01-16 23:30:00,0,0.037400603,0.13225340114750317,0.2780188890260599,0.47592744,0.10124493,0.07312878,0.025721816,0.12974957,0.46968204,0.19145860721539487
2015-01-17 00:00:00,0,0.028578162,0.2570804976377534,0.2410580965515614,0.44887272,0.09124906,0.06964677,0.04645276,0.14339224,0.49420592,0.2022818023473056
2015-01-17 00:30:00,0,0.023496866,0.34042606132032915,0.2163278039913049,0.33387923,0.08055157,0.06450401,0.028288906,0.14052886,0.50328016,0.1923648306125945
2015-01-17 01:00:00,0,0.020393252,0.3995392057318501,0.20241618503323427,0.24328221,0.07219895,0.05895667,0.019735761,0.12790757,0.4985696,0.18255549123373446
2015-01-17 01:30:00,0,0.018717766,0.4039999115778041,0.19959810235745457,0.1531997,0.06598143,0.05359595,0.01854482,0.113604754,0.48219016,0.16771473326261072
2015-01-17 02:00:00,0,0.019455194,0.29675558631901566,0.2147689936476424,0.06783356,0.06374492,0.051514376,0.013508347,0.10092057,0.45939174,0.14309925425738027
2015-01-17 02:30:00,0,0.023474932,0.2603372202593519,0.22280438708427558,0.0069422047,0.062302876,0.050385047,0.008585621,0.091385365,0.43106115,0.12858653339861978
2015-01-17 03:00:00,0,0.022073627,0.17358081080478982,0.23049163020988173,0.0954383,0.061913252,0.05023869,0.010910324,0.08976861,0.3997607,0.1260195489189718
2015-01-17 03:30:00,0,0.021382332,0.0928183391146149,0.23553632781157746,0.17278661,0.061596032,0.049462505,0.011967564,0.09375321,0.3679396,0.12302694562659518
2015-01-17 04:00:00,0,0.02400434,0.21180416006041902,0.2379746228698002,0.23161252,0.06418254,0.050611995,0.01309258,0.094383396,0.34116846,0.1409816242940717
2015-01-17 04:30:00,0,0.027727365,0.3063255127632818,0.2401037609379354,0.3888817,0.06775446,0.051877633,0.0175609,0.09515915,0.32586375,0.16902824957243892
2015-01-17 05:00:00,0,0.02766049,0.28822076744474145,0.24125013179832694,0.46185672,0.07073059,0.05187933,0.018109348,0.09786325,0.32335436,0.17565833250559168
2015-01-17 05:30:00,0,0.028174639,0.23481434282264324,0.24140104885791303,0.4793501,0.07424796,0.05262249,0.018508265,0.09842936,0.33200824,0.1732840481400443
2015-01-17 06:00:00,0,0.027155757,0.15677748900212407,0.24114877346911306,0.46730196,0.07779524,0.0536378,0.0124356635,0.09723845,0.3515489,0.16500444947052426
2015-01-17 06:30:00,0,0.024624228,0.21037953211212468,0.2412608647665358,0.43167198,0.081571996,0.05679331,0.015190289,0.096966594,0.37948892,0.1708830785975457
2015-01-17 07:00:00,0,0.021671414,0.16142696119395694,0.24279843933693496,0.4242116,0.08621139,0.06080602,0.0126418965,0.09958965,0.41322854,0.16917621218839146
2015-01-17 07:30:00,0,0.018164754,0.39112993651316685,0.24185055933945926,0.34566268,0.07782823,0.05714515,0.014617703,0.1027268,0.43240365,0.1868366076686754
2015-01-17 08:00:00,0,0.02364397,0.45820701303117595,0.24265350099544364,0.2961409,0.07035559,0.053441226,0.013224491,0.1064244,0.44320643,0.189699725113449
2015-01-17 08:30:00,0,0.02749288,0.4995146705192095,0.24593426685041342,0.11610454,0.05947596,0.049451087,0.016024737,0.10395828,0.44220284,0.17335102869716376
2015-01-17 09:00:00,0,0.027654529,0.520158387511767,0.24866834734011461,0.1016982,0.056197356,0.048119217,0.013799808,0.09825006,0.44106877,0.17284607469412847
2015-01-17 09:30:00,0,0.02629757,0.4138750599573324,0.2530949242986849,0.025643565,0.053443022,0.048079107,0.015180096,0.09714248,0.43895996,0.15241286442597576
2015-01-17 10:00:00,0,0.021458626,0.406942191849085,0.2589743426433979,0.03571943,0.052881088,0.048118666,0.014796234,0.10033095,0.43936124,0.1531758632694803
2015-01-17 10:30:00,0,0.022693396,0.6326819501593643,0.2627791402853429,0.11774124,0.052133977,0.047993843,0.016357116,0.10303644,0.44142997,0.1885385642216364
2015-01-17 11:00:00,0,0.020653844,0.8252691211639256,0.26200433929724914,0.1339055,0.05096633,0.046383448,0.01380159,0.10081482,0.44448128,0.21092003052250932
2015-01-17 11:30:00,0,0.019299626,0.5735992637552556,0.2631410248921101,0.2202149,0.05258117,0.048399094,0.016781228,0.09785798,0.44887742,0.19341685723787683
2015-01-17 12:00:00,0,0.017042518,0.6193078629355835,0.2649811756276907,0.2420388,0.054131992,0.050748613,0.015383712,0.09635387,0.454906,0.20165494831590772
2015-01-17 12:30:00,0,0.01684177,0.7703118316776418,0.2694502664828079,0.27162325,0.056407485,0.053244207,0.015924517,0.09488943,0.46308273,0.22353061038223285
2015-01-17 13:00:00,0,0.016323447,0.5602105517230793,0.27325671761685294,0.28165624,0.05831277,0.054574266,0.016307354,0.09488191,0.47254446,0.20311863451630685
2015-01-17 13:30:00,0,0.015701652,0.5618734457943564,0.2774921026464548,0.272395,0.059683867,0.055546064,0.015157923,0.10310701,0.48014086,0.20456643847392633
2015-01-17 14:00:00,0,0.015300155,0.6672728904018648,0.2809783857851133,0.21378352,0.05837517,0.053641144,0.013784643,0.11032122,0.48085693,0.210479338436422
2015-01-17 14:30:00,0,0.014064312,0.5903574332035184,0.28609961539755335,0.2416529,0.05756241,0.049621325,0.017949313,0.11269642,0.48356298,0.20595185645158212
2015-01-17 15:00:00,0,0.015342712,0.6164594688987393,0.29533819132626693,0.27380994,0.060088027,0.047629446,0.017793389,0.11251364,0.48633015,0.21392277388201514
2015-01-17 15:30:00,0,0.017111063,0.6222054006860844,0.3002024410150343,0.2871015,0.06517687,0.05112869,0.018625077,0.11450886,0.49470282,0.21897363563586258
2015-01-17 16:00:00,0,0.016138434,0.5931089905359599,0.30903948351137767,0.25485873,0.06659794,0.057068434,0.017601172,0.113441326,0.5031074,0.21455132651271142
2015-01-17 16:30:00,0,0.015375376,0.5975037172032156,0.3161591258855626,0.20906714,0.062053744,0.0591159,0.016533706,0.11385583,0.50546134,0.21056954145215975
2015-01-17 17:00:00,0,0.016646266,0.6247988309422254,0.3198163373890899,0.26056123,0.061300255,0.06189451,0.018075943,0.113001995,0.51529044,0.22126508936928932
2015-01-17 17:30:00,0,0.01843226,0.6459457314663037,0.31948987028849785,0.37564048,0.06419791,0.063462876,0.021812087,0.112270564,0.52012295,0.23793052529944506
2015-01-17 18:00:00,0,0.019708991,0.6121672877358968,0.31889085686978524,0.40136606,0.06364196,0.061038297,0.017765718,0.11012298,0.51670843,0.23571228613031417
2015-01-17 18:30:00,0,0.018509388,0.6151340571378565,0.31810718263176907,0.48150137,0.06265243,0.056610204,0.021925174,0.10759323,0.51852447,0.24450638962932958
2015-01-17 19:00:00,0,0.01828742,0.6382400464084448,0.31782415192164626,0.5446148,0.06294029,0.053021953,0.032114346,0.10528372,0.517736,0.2544514156232329
2015-01-17 19:30:00,0,0.017404199,0.5989246707461486,0.3175326659378891,0.4765706,0.058921926,0.04730081,0.015646853,0.10060416,0.5047083,0.23751268704621545
2015-01-17 20:00:00,0,0.017750025,0.40243264042229043,0.32767055375592213,0.34579876,0.057563987,0.044372797,0.028417358,0.10065601,0.4786084,0.20036339236476564
2015-01-17 20:30:00,0,0.01683247,0.40042221645548004,0.33483710153963697,0.30858237,0.059629194,0.044588696,0.024889885,0.104220115,0.4678635,0.19576283825945037
2015-01-17 21:00:00,0,0.016316533,0.23770036504787484,0.33900081560431206,0.30742472,0.062281936,0.046187643,0.019346684,0.1137295,0.45748922,0.1777197136664176
2015-01-17 21:30:00,0,0.015637517,0.42704385602304384,0.3411917220978258,0.35540298,0.0631484,0.047472578,0.01478486,0.124197334,0.43967855,0.20317308831475644
2015-01-17 22:00:00,0,0.016731381,0.318259463505429,0.34328741838030175,0.40226644,0.063180655,0.047940914,0.021149514,0.13449223,0.426952,0.19714000299754003
2015-01-17 22:30:00,0,0.017451167,0.47766178053596775,0.350291183733503,0.46057785,0.06406488,0.04746697,0.032375157,0.14229548,0.41944072,0.22351390930936862
2015-01-17 23:00:00,0,0.017652273,0.30115554659306554,0.35794361514235584,0.46889582,0.06697585,0.04749101,0.05823795,0.15214258,0.41374594,0.20936006557182538
2015-01-17 23:30:00,0,0.017228007,0.28887714866719527,0.36381639926431086,0.46645185,0.07227769,0.04776089,0.024871094,0.16428733,0.41359356,0.20657377427950985
2015-01-18 00:00:00,0,0.018036366,0.3947898754451433,0.3655017938188926,0.47382656,0.071104,0.04522599,0.038808398,0.17383775,0.41535604,0.22183186309697422
2015-01-18 00:30:00,0,0.020976782,0.3592953654639377,0.36330045080731277,0.4112704,0.07258619,0.043654427,0.028349295,0.1698857,0.42186266,0.2101312534032867
2015-01-18 01:00:00,0,0.025807858,0.611481897567252,0.3593182820734855,0.3328073,0.07273042,0.04235514,0.020885648,0.15793303,0.4280748,0.2279327091271444
2015-01-18 01:30:00,0,0.028669953,0.5728482846707639,0.3517288859080121,0.25215754,0.070699565,0.04203208,0.020581087,0.14537178,0.43216074,0.2129166568697755
2015-01-18 02:00:00,0,0.027095556,0.7313051010388723,0.3359197300954393,0.213612,0.06934504,0.042579774,0.020561159,0.13659629,0.43666482,0.22374216434030977
2015-01-18 02:30:00,0,0.028604746,0.5673052133078897,0.3267615050445254,0.13283359,0.06890219,0.043898437,0.019056622,0.13826427,0.43986905,0.19616617892986954
2015-01-18 03:00:00,0,0.028879523,0.6473800328120998,0.3206556558712763,0.023328258,0.06870314,0.044867814,0.018719316,0.1483325,0.4324822,0.1925942728155173
2015-01-18 03:30:00,0,0.028980494,0.45279253811507125,0.31430074070425007,0.055863738,0.06984974,0.04524141,0.023235606,0.1586918,0.42675734,0.17507926606237875
2015-01-18 04:00:00,0,0.029274225,0.4692456667931051,0.3126702023151986,0.16099574,0.072495475,0.046385285,0.017240524,0.1583124,0.42330784,0.18776970517209993
2015-01-18 04:30:00,0,0.024242043,0.6090409322957004,0.31246253254569145,0.35668182,0.072192214,0.047209222,0.016628405,0.14981079,0.41674808,0.22277956012647973
2015-01-18 05:00:00,0,0.02450788,0.5626117208910415,0.3115702507597552,0.44054732,0.070593536,0.045667905,0.018610545,0.14387134,0.41446075,0.22582680450009832
2015-01-18 05:30:00,0,0.0247221,0.5947226974867394,0.31156074594213745,0.47819245,0.068921365,0.04372472,0.016880034,0.14240783,0.4127554,0.23265414929310513
2015-01-18 06:00:00,0,0.024558544,0.60450981743117,0.3123760022475266,0.48543847,0.06807163,0.04262563,0.015045018,0.14642641,0.41781393,0.23520727180581322
2015-01-18 06:30:00,0,0.024497151,0.5634386536788014,0.3142897517946138,0.48269442,0.06893715,0.043151528,0.019274218,0.1490524,0.4250471,0.23226470759652104
2015-01-18 07:00:00,0,0.02453661,0.4215148085736793,0.3132286075882814,0.4652439,0.068685435,0.043267973,0.020672766,0.1496895,0.43173456,0.2153971292328643
2015-01-18 07:30:00,0,0.024256825,0.41372707222159555,0.3126008403470353,0.41276368,0.06894876,0.044255096,0.022931961,0.14977378,0.44185922,0.21012413705218524
2015-01-18 08:00:00,0,0.023949623,0.39592996424440585,0.310733594804937,0.34652022,0.06778278,0.044706687,0.016562369,0.15205365,0.44773558,0.20066382972399116
2015-01-18 08:30:00,0,0.024293303,0.4590360727015401,0.308956897289024,0.2604252,0.06832994,0.04479995,0.015585308,0.1560174,0.45561498,0.19922878400907393
2015-01-18 09:00:00,0,0.025453568,0.4960447940750701,0.30868373597495524,0.19092318,0.06893808,0.0454185,0.015200902,0.15658124,0.46232602,0.196618890977646
2015-01-18 09:30:00,0,0.030386686,0.46118935320751575,0.308090651559096,0.039913863,0.069055416,0.045989078,0.022465415,0.15398763,0.464447,0.1772805650495852
2015-01-18 10:00:00,0,0.030808091,0.5308105226970472,0.3047315473729473,0.031045942,0.06967343,0.047047395,0.014611792,0.15315226,0.46556997,0.18305010517704112
2015-01-18 10:30:00,0,0.03153014,0.6415173014213842,0.30563367645927475,0.19328877,0.07526827,0.05416811,0.03211406,0.1504101,0.4694101,0.21703783573716903
2015-01-18 11:00:00,0,0.031639934,0.6391759670608952,0.3157437311073912,0.25031388,0.08405013,0.06340134,0.034034282,0.13957089,0.47374618,0.22574181466515952
2015-01-18 11:30:00,0,0.03314042,0.5295118231196589,0.33150517501874155,0.343998,0.09942664,0.077470526,0.0564413,0.13035518,0.48425817,0.23178969179550504
2015-01-18 12:00:00,0,0.034332156,0.5329020202501411,0.3494594624767118,0.36097687,0.1145431,0.090760686,0.049186025,0.12713207,0.49341312,0.2391895022543846
2015-01-18 12:30:00,0,0.035242558,0.5561314045090562,0.3589050894963739,0.35360217,0.12544364,0.10046518,0.04173537,0.12644745,0.4987093,0.24407579481808217
2015-01-18 13:00:00,0,0.036959767,0.5138777669196504,0.37719655308617683,0.36633638,0.13576587,0.10998246,0.050895087,0.1264162,0.50903946,0.24738550493313793
2015-01-18 13:30:00,0,0.03711784,0.5918810990293277,0.39350559749149705,0.3472994,0.14321853,0.11741686,0.036017828,0.1238493,0.5145051,0.25609017131100975
2015-01-18 14:00:00,0,0.040179014,0.8002136923306082,0.40429839707253523,0.32770506,0.14986259,0.12493391,0.03687104,0.11866239,0.52272266,0.2806054163212766
2015-01-18 14:30:00,0,0.051164627,0.6555152876014425,0.4265726775356078,0.4062968,0.16510081,0.13803406,0.062162764,0.11300793,0.53627175,0.2837918559518441
2015-01-18 15:00:00,0,0.05699575,0.7506180726420677,0.4325050021036084,0.33345047,0.17136316,0.14184071,0.032475274,0.107610114,0.53924054,0.28512212099030515
2015-01-18 15:30:00,0,0.0563277,0.549972972017434,0.43049627434994286,0.23217732,0.17088145,0.13936783,0.03668804,0.10941068,0.5395941,0.25165737595930826
2015-01-18 16:00:00,0,0.054819822,0.6061923286653847,0.4254087811319994,0.1726654,0.17019238,0.13880865,0.031713214,0.11407436,0.53220814,0.24956478647000546
2015-01-18 16:30:00,0,0.05555165,0.7016699770828829,0.42529761416980416,0.16880657,0.1698702,0.14197357,0.03543205,0.11803327,0.5325093,0.2610160241752601
2015-01-18 17:00:00,0,0.05424297,0.650238622599705,0.4258229422356641,0.13939363,0.1690965,0.1431307,0.034003578,0.12237981,0.52689385,0.2516891785962117
2015-01-18 17:30:00,0,0.05161202,0.3863972663021755,0.4277660495534016,0.17986858,0.1648264,0.1427045,0.033055875,0.12265184,0.51571846,0.22495566472004017
2015-01-18 18:00:00,0,0.051471233,0.46862278571409455,0.4346200725997561,0.17943983,0.16098653,0.14377946,0.038031388,0.12138562,0.49541727,0.2326393531222401
2015-01-18 18:30:00,0,0.04991758,0.5362202926264494,0.43287270707622016,0.27003682,0.15387987,0.14347169,0.046150364,0.12160087,0.47036162,0.24716797772447022
2015-01-18 19:00:00,0,0.048906326,0.5057747694968526,0.44794568327798145,0.104321055,0.14723893,0.14394635,0.064106144,0.118303806,0.45204392,0.2258429976954804
2015-01-18 19:30:00,0,0.055040836,0.3908766665787464,0.4855137124403677,0.008750415,0.15546794,0.15133789,0.05653922,0.118405834,0.40211117,0.2026715211470958
2015-01-18 20:00:00,0,0.06470728,0.37342384089784453,0.5064681710900094,0.013545114,0.16910371,0.15491581,0.051192574,0.11893473,0.39160755,0.20487764238430273
2015-01-18 20:30:00,0,0.07159209,0.47850654505123025,0.5138742653194418,0.009393556,0.17787561,0.15203126,0.052739393,0.12112653,0.38118175,0.2175912219027268
2015-01-18 21:00:00,0,0.0796361,0.604388262268694,0.5235012977307538,0.020062268,0.18754286,0.15004058,0.062627494,0.12039101,0.37627745,0.2360519238462428
2015-01-18 21:30:00,0,0.086752295,0.5206165775037519,0.5282259396566822,0.00493445,0.1939788,0.15009366,0.056250002,0.1187623,0.36305216,0.2247406872366654
2015-01-18 22:00:00,0,0.0873152,0.5661835937596749,0.5267112561929517,0.049053866,0.19704062,0.15247878,0.061656956,0.12092643,0.33573878,0.2330117206635926
2015-01-18 22:30:00,0,0.08873272,0.5319655763785089,0.5227987698143984,0.003426374,0.19953659,0.15617973,0.06091159,0.12554489,0.3093459,0.22204912639857785
2015-01-18 23:00:00,0,0.089677334,0.3653422911275914,0.5161490432663625,0.07271401,0.20263627,0.15998438,0.10064822,0.12862977,0.2878314,0.21373474610683385
2015-01-18 23:30:00,0,0.09163642,0.4141734105666792,0.514758511649337,0.10298447,0.20598279,0.16110645,0.055951037,0.12749147,0.25894636,0.2147812140207377
2015-01-19 00:00:00,0,0.09309459,0.45806237119004223,0.5233295223654775,0.14723252,0.20124039,0.16537145,0.09931436,0.13216226,0.2342543,0.2282290841395985
2015-01-19 00:30:00,0,0.095258,0.43216954556425513,0.5314041282383732,0.22256567,0.19849963,0.16344987,0.0617172,0.12213892,0.22228608,0.22772100382248717
2015-01-19 01:00:00,0,0.102187395,0.5300622930847236,0.537384013720567,0.28906637,0.1974407,0.15854454,0.053835142,0.11096913,0.22732028,0.2452010972312731
2015-01-19 01:30:00,0,0.107884884,0.4848949184659066,0.5404672314609006,0.34862116,0.19744447,0.15329035,0.053653084,0.10470866,0.24032423,0.24792099755702038
2015-01-19 02:00:00,0,0.11660147,0.494203401651486,0.5428448315746963,0.38596615,0.19708729,0.1493869,0.052313417,0.10039585,0.26008043,0.2554310814291506
2015-01-19 02:30:00,0,0.12646067,0.4652824576706429,0.5427257101738903,0.43617398,0.19555666,0.1469233,0.05314469,0.09660357,0.2946876,0.26195095942544927
2015-01-19 03:00:00,0,0.14138174,0.41956866034925966,0.5433671656782456,0.45263836,0.19482994,0.14700122,0.053414088,0.097540334,0.32696497,0.2640784981178037
2015-01-19 03:30:00,0,0.15416324,0.2968025861959731,0.5440118950233072,0.47184682,0.19386053,0.14800891,0.06321224,0.097174235,0.36352712,0.2591786196983113
2015-01-19 04:00:00,0,0.15880501,0.1762407867856286,0.5410347880209962,0.4756628,0.19527519,0.15084723,0.050806224,0.09350744,0.3952127,0.24859913024673796
2015-01-19 04:30:00,0,0.15803504,0.2648572492691148,0.5322509224198096,0.50721955,0.19607773,0.1527111,0.050910003,0.090721324,0.41553837,0.26314681004676665
2015-01-19 05:00:00,0,0.16168678,0.5451171282689149,0.5303689059271245,0.5158376,0.19643943,0.15473829,0.05359008,0.09594108,0.4251721,0.29765459978375397
2015-01-19 05:30:00,0,0.16432297,0.6651655976370083,0.5335689323888904,0.49727228,0.19724844,0.15747494,0.05511593,0.10421237,0.4287475,0.311458774817672
2015-01-19 06:00:00,0,0.17875266,0.6926924083941124,0.545140165853249,0.46704468,0.19944878,0.16144744,0.056469932,0.11263536,0.42834747,0.31577543232165456
2015-01-19 06:30:00,0,0.20242143,0.6371122960040445,0.5787108944353949,0.39205453,0.20204897,0.16469161,0.0572762,0.12378618,0.4154393,0.3081712687764672
2015-01-19 07:00:00,0,0.2260611,0.7134779164951652,0.6514436443426949,0.37906313,0.21133822,0.1762724,0.06325407,0.13656218,0.4010994,0.3287302328429879
2015-01-19 07:30:00,0,0.26853526,0.5709069204482091,0.7263821748071885,0.31037578,0.22363296,0.19309391,0.064112015,0.14499731,0.3900125,0.32133875946564394
2015-01-19 08:00:00,0,0.32319212,0.3711693614208791,0.7935081723727362,0.24867715,0.23695712,0.21486938,0.065372854,0.15207003,0.38053697,0.309594795470786
2015-01-19 08:30:00,0,0.35830283,0.3601553647472322,0.8245847646328291,0.13381232,0.24258542,0.22862226,0.059930433,0.15575509,0.37374538,0.30416598496819364
2015-01-19 09:00:00,0,0.39339983,0.40916755857195675,0.8415175401383227,0.109630264,0.24770908,0.24126798,0.062856905,0.15978283,0.36702287,0.3147060957156531
2015-01-19 09:30:00,0,0.40571105,0.38927480130126924,0.8429737768913169,0.049260825,0.2492832,0.24481514,0.06309884,0.15835008,0.36684036,0.3077342307370895
2015-01-19 10:00:00,0,0.41845787,0.47429263246129416,0.8439200162858292,0.06473907,0.25387418,0.24836315,0.067677446,0.15572172,0.3717445,0.3220878448218943
2015-01-19 10:30:00,0,0.4093032,0.38784944953903633,0.8288056033510826,0.00051080214,0.248213,0.24019186,0.061412252,0.15459687,0.36974743,0.3000700495820547
2015-01-19 11:00:00,0,0.4042443,0.534182761393696,0.8147040114081087,0.011615692,0.24255843,0.23236556,0.07034771,0.15626556,0.36164543,0.3142143849901941
2015-01-19 11:30:00,0,0.38786376,0.4935357529070288,0.7855031567898529,0.072206914,0.22531264,0.21714741,0.071760654,0.15466896,0.34677014,0.3060854859510334
2015-01-19 12:00:00,0,0.3744204,0.42296179354322483,0.7595920591200245,0.08927156,0.20860486,0.20320475,0.06965823,0.15093528,0.332567,0.29013510407847504
2015-01-19 12:30:00,0,0.37211585,0.5364730519096295,0.7371130512932086,0.13240483,0.19432333,0.19339429,0.064684525,0.14441167,0.31730622,0.29913631345187497
2015-01-19 13:00:00,0,0.3667711,0.29230747246096556,0.7126316682157844,0.1253303,0.18010588,0.18261194,0.06057181,0.13611609,0.30386487,0.2622567918068053
2015-01-19 13:30:00,0,0.35868084,0.2165621241626603,0.6938602463210863,0.15006976,0.16890171,0.17525034,0.061162516,0.12517773,0.29068822,0.24892816451415645
2015-01-19 14:00:00,0,0.36150432,0.33689747866034203,0.672384624638024,0.13484877,0.15985453,0.16975999,0.057561878,0.120751664,0.27955395,0.25479080057456094
2015-01-19 14:30:00,0,0.34106123,0.2657996210174183,0.6273612131877028,0.1653336,0.14331226,0.15375632,0.04897184,0.11150668,0.26452264,0.23573615642520787
2015-01-19 15:00:00,0,0.33247387,0.3114496806875433,0.5984653965597263,0.15127029,0.13573964,0.14435676,0.041661624,0.10894178,0.25291672,0.23080841769863586
2015-01-19 15:30:00,0,0.34042835,0.3807591802297505,0.5931349357509406,0.1660625,0.13615663,0.14262423,0.03816639,0.10974267,0.25165078,0.23985840840430464
2015-01-19 16:00:00,0,0.3510306,0.42374539907982545,0.592435225031593,0.12893188,0.13693714,0.14302276,0.04041842,0.11030185,0.24430583,0.2412365667570437
2015-01-19 16:30:00,0,0.3590927,0.4102822794180536,0.5912071701884124,0.10929466,0.13717833,0.14406341,0.041226454,0.10840205,0.24528423,0.23844792242029506
2015-01-19 17:00:00,0,0.36748803,0.4490268609132002,0.5947468585440767,0.12593056,0.13723952,0.14650962,0.039502233,0.104842454,0.24077398,0.2451177894834554
2015-01-19 17:30:00,0,0.3699844,0.4064517909713743,0.595772539211603,0.17403746,0.13843879,0.14820358,0.03999172,0.10130025,0.24044289,0.24606926701423282
2015-01-19 18:00:00,0,0.3720225,0.419710682783089,0.5965598813296453,0.20452228,0.14100815,0.15132609,0.031705417,0.10013934,0.2393872,0.2507090619442277
2015-01-19 18:30:00,0,0.36995637,0.3406503518397095,0.592281387661906,0.21768522,0.14652076,0.15419881,0.029513946,0.09651866,0.23561876,0.24254936327950383
2015-01-19 19:00:00,0,0.3796481,0.3159379078984408,0.5962729912437521,0.17673863,0.15208407,0.16131309,0.031528,0.09945773,0.24343267,0.23960146460243584
2015-01-19 19:30:00,0,0.38311636,0.2523706373745611,0.5941825279507511,0.12198597,0.15199289,0.1676943,0.040141314,0.10628124,0.23900731,0.22853028400173767
2015-01-19 20:00:00,0,0.40208113,0.16298577533420655,0.5983271513627604,0.07302155,0.15145591,0.17610347,0.043075517,0.11423637,0.23940843,0.21785503486651303
2015-01-19 20:30:00,0,0.43217742,0.2377567379515817,0.61194202004541,0.033661377,0.154571,0.18836738,0.054208342,0.12167554,0.23956917,0.23043655503357285
2015-01-19 21:00:00,0,0.46260357,0.1697741621824438,0.6249933535785949,0.005441546,0.15431748,0.2006076,0.054561883,0.12731324,0.23427753,0.22598781866427162
2015-01-19 21:30:00,0,0.4896288,0.2672160381083586,0.6385578883413687,0.012987725,0.15303858,0.21262142,0.041587375,0.1310063,0.23323782,0.24220910377777413
2015-01-19 22:00:00,0,0.5149646,0.5428654177543777,0.6529172040953302,0.037126917,0.15383743,0.22458877,0.05014852,0.13662575,0.2365781,0.2832947437022717
2015-01-19 22:30:00,0,0.53293,0.6126862420587624,0.6621411711083174,0.06156625,0.15031797,0.23069623,0.06399428,0.1496566,0.23306438,0.2996725704830576
2015-01-19 23:00:00,0,0.54938424,0.5826162813987725,0.6745345915509657,0.17029981,0.14619932,0.23574632,0.076875165,0.1699773,0.2358185,0.315716837777471
2015-01-19 23:30:00,0,0.5693464,0.5727458891304824,0.6875971275851942,0.2650987,0.14328267,0.23754837,0.048158064,0.1894286,0.24691628,0.3289024566645789
2015-01-20 00:00:00,0,0.5793035,0.6315421281110467,0.6937845907716333,0.31860793,0.14839347,0.23771568,0.087229945,0.16199614,0.25828892,0.34631803306119974
2015-01-20 00:30:00,0,0.5797663,0.5391084632720542,0.6962642838954312,0.39479858,0.15351339,0.23736326,0.058188196,0.13149612,0.27435338,0.3405391051189256
2015-01-20 01:00:00,0,0.5792787,0.6857242710750882,0.6926557601849005,0.44727886,0.15667927,0.23759142,0.055503726,0.108131856,0.29500616,0.36198333577669717
2015-01-20 01:30:00,0,0.5625701,0.7454662915300059,0.6878669819150627,0.48445234,0.15719543,0.23912354,0.045980006,0.09603052,0.31046325,0.369905383577446
2015-01-20 02:00:00,0,0.55929697,0.8875845986485089,0.682465225767618,0.50087386,0.15538071,0.24159418,0.04471514,0.090459205,0.3245853,0.38743946434717336
2015-01-20 02:30:00,0,0.55669785,0.7059556314781847,0.6767013916763565,0.5302011,0.15171842,0.24380861,0.04455256,0.08597381,0.33781838,0.370380859202019
2015-01-20 03:00:00,0,0.554211,0.685378780328687,0.6721487828984372,0.5482948,0.14744458,0.24452946,0.043740027,0.07828998,0.3519562,0.3695548435331392
2015-01-20 03:30:00,0,0.5528066,0.6008579670714553,0.6688674628105921,0.5521107,0.1440239,0.2437111,0.041310165,0.06974696,0.36399046,0.3597139218471048
2015-01-20 04:00:00,0,0.55172753,0.6228020542006671,0.6671487001225603,0.5436641,0.14253858,0.24270995,0.038480792,0.06455745,0.37453365,0.36090697842931563
2015-01-20 04:30:00,0,0.55233145,0.7665919590909276,0.6672809205688008,0.5449075,0.14280507,0.24435192,0.040912192,0.062170416,0.37944755,0.377866554300608
2015-01-20 05:00:00,0,0.55164313,0.7534440690320405,0.6705037129284792,0.51866746,0.14342518,0.24754946,0.04347528,0.063054495,0.37990692,0.37462996822709865
2015-01-20 05:30:00,0,0.5476799,0.7952334412762614,0.6755730877029205,0.42656973,0.14376222,0.2475558,0.04446896,0.06640451,0.3690303,0.368475327597022
2015-01-20 06:00:00,0,0.5501224,0.6587956957592507,0.6817601421195978,0.3422326,0.14328787,0.2429853,0.045186,0.06859496,0.3523633,0.34281424955960393
2015-01-20 06:30:00,0,0.5209304,0.7153206471503122,0.6740833318294472,0.11481825,0.14426692,0.22824499,0.04795674,0.06818525,0.32863238,0.31582654667631044
2015-01-20 07:00:00,0,0.47090745,0.6756351338975257,0.6478859701175051,0.00236189,0.13938773,0.20686324,0.047466315,0.0681421,0.30237505,0.28455831941709675
2015-01-20 07:30:00,0,0.3942871,0.6065237352893362,0.6204250421496403,0.18437056,0.13410619,0.18452787,0.047944658,0.07002395,0.28687513,0.28100936055203035
2015-01-20 08:00:00,0,0.31178737,0.5673631179413086,0.5645333928428453,0.22278747,0.12440384,0.16703562,0.04101483,0.07052159,0.27904165,0.26094320955258
2015-01-20 08:30:00,0,0.26224363,0.5236464441945756,0.5259352491499296,0.24422547,0.11813085,0.1604388,0.03946509,0.070087746,0.28149405,0.24729637034327803
2015-01-20 09:00:00,0,0.23232043,0.38754171507972757,0.499076652632809,0.19676173,0.108637966,0.15403849,0.03601804,0.07154069,0.28192347,0.21865102021019095
2015-01-20 09:30:00,0,0.22365057,0.3522750951382889,0.49090104748522,0.15405723,0.10202479,0.150097,0.035232987,0.07300884,0.2830891,0.2071485193791748
2015-01-20 10:00:00,0,0.21739388,0.28643757373165,0.48669469615654726,0.06371746,0.09602766,0.14462012,0.040293675,0.07518672,0.2813805,0.18797247625711613
2015-01-20 10:30:00,0,0.21466541,0.32522165961318983,0.4833139639991204,0.06731905,0.094748646,0.14113829,0.040541835,0.075890034,0.28115717,0.19155511707755213
2015-01-20 11:00:00,0,0.21514475,0.4575000610799478,0.4852378038988897,0.02084145,0.09525343,0.13895439,0.042079423,0.07699866,0.28076404,0.20141933430982162
2015-01-20 11:30:00,0,0.21474409,0.41686174935574805,0.4814491968538671,0.071135014,0.09745301,0.13800238,0.036923405,0.07008456,0.28055775,0.20080123985623713
2015-01-20 12:00:00,0,0.21458483,0.39395297363815374,0.4804566523153311,0.059815746,0.09992726,0.1387329,0.037085798,0.06495016,0.2802604,0.19664074756768557
2015-01-20 12:30:00,0,0.21119857,0.3241672972782528,0.4756699694508496,0.057714824,0.10203676,0.13991763,0.03728054,0.061639767,0.27841973,0.18756056511576816
2015-01-20 13:00:00,0,0.21838498,0.22443041677378517,0.48084191229204354,0.016296595,0.10468958,0.14431313,0.04189664,0.060048852,0.27751988,0.17426911007073512
2015-01-20 13:30:00,0,0.21680975,0.31138723890786935,0.4778784714571791,0.093644924,0.10496381,0.14445162,0.044039488,0.059346005,0.27547094,0.1919991385882951
2015-01-20 14:00:00,0,0.2196883,0.270647014553715,0.4804402057769813,0.08408357,0.10461242,0.14536086,0.037864268,0.056366112,0.27509013,0.18601698572653985
2015-01-20 14:30:00,0,0.21900308,0.3785698146001728,0.47630528604355504,0.14621091,0.10414432,0.14290905,0.04060728,0.05124583,0.27257422,0.20350775431607537
2015-01-20 15:00:00,0,0.21737564,0.44306589056467693,0.4730749296019754,0.13797872,0.10352972,0.14084777,0.03695732,0.047225494,0.27466527,0.2083023053166143
2015-01-20 15:30:00,0,0.20905423,0.3361521214399037,0.4642782080076453,0.09231576,0.10182823,0.13837352,0.038827524,0.040793374,0.27211705,0.18819333632848456
2015-01-20 16:00:00,0,0.20081747,0.29852825597494714,0.4565333725369314,0.03439027,0.10116169,0.13750991,0.04271485,0.035227787,0.2679257,0.17497881235252186
2015-01-20 16:30:00,0,0.20023823,0.3183022581193491,0.45372853805230995,0.005613047,0.10273246,0.13747229,0.046846397,0.03267051,0.26764905,0.17391697511548065
2015-01-20 17:00:00,0,0.20131052,0.32608262292947465,0.45628349636885124,0.08601299,0.10230877,0.13659783,0.04162352,0.035917368,0.26676154,0.18365540603498476
2015-01-20 17:30:00,0,0.19842994,0.28159278832754353,0.4591196735511651,0.21901439,0.1008042,0.13570565,0.04395855,0.03816457,0.26862326,0.1939347810502242
2015-01-20 18:00:00,0,0.18993115,0.4248482428192464,0.45716562888033785,0.34502697,0.10051593,0.13495776,0.03871368,0.038148332,0.27635136,0.22285100687212556
2015-01-20 18:30:00,0,0.18130732,0.2941496679793456,0.4537970382896237,0.3811715,0.09909323,0.13424069,0.04104591,0.03844229,0.28838238,0.2124033351577855
2015-01-20 19:00:00,0,0.17040384,0.32437461516441246,0.44885309322772005,0.343998,0.09492967,0.13280562,0.043040983,0.04360139,0.29932737,0.21125939633038188
2015-01-20 19:30:00,0,0.15079772,0.17333358093980777,0.4421283666348943,0.3126127,0.089412875,0.12846701,0.04108809,0.054549143,0.30927587,0.1890739295829763
2015-01-20 20:00:00,0,0.12429643,0.14966290447038944,0.4226101628938478,0.30073607,0.082608454,0.11903226,0.042807445,0.06939295,0.31744608,0.18095475012827159
2015-01-20 20:30:00,0,0.09889281,0.2161154288781546,0.3981527131018546,0.27016547,0.075953156,0.10557665,0.04543607,0.079003386,0.32389662,0.17924358894372835
2015-01-20 21:00:00,0,0.07263076,0.23858545342766924,0.36191925829043403,0.29524794,0.06763901,0.08701411,0.04612797,0.08339633,0.33248174,0.1761158419649624
2015-01-20 21:30:00,0,0.053974867,0.5000076661907542,0.3310268554755047,0.29216084,0.0624437,0.07120786,0.04025013,0.084466554,0.34038094,0.19732437852986326
2015-01-20 22:00:00,0,0.046158314,0.451507831846758,0.30287828102018527,0.24358234,0.059509095,0.06018583,0.034247074,0.0873898,0.34457082,0.1811143752632478
2015-01-20 22:30:00,0,0.04697752,0.27584163105634296,0.2986300989192074,0.10993781,0.062374048,0.0589214,0.042723015,0.10054667,0.34186366,0.1486462064067091
2015-01-20 23:00:00,0,0.043729544,0.18373365916159656,0.2977360347498047,0.002268722,0.06459905,0.058368653,0.06080659,0.11458608,0.33478686,0.12895724395612357
2015-01-20 23:30:00,0,0.039539576,0.4115135581845326,0.2976576246077216,0.13488424,0.070708774,0.06008161,0.035458703,0.12176154,0.3239837,0.16617659100016707
2015-01-21 00:00:00,0,0.040685415,0.3300684485493548,0.3002270887268961,0.23088363,0.06673555,0.05849546,0.06256252,0.11149823,0.31380102,0.16832859522912047
2015-01-21 00:30:00,0,0.040634155,0.27593721357261636,0.303266251398202,0.33254263,0.06265151,0.055457223,0.041368935,0.10220025,0.30525544,0.16881262272439967
2015-01-21 01:00:00,0,0.039200664,0.35500200425414796,0.30304207616857753,0.38425115,0.05891365,0.052937843,0.031476818,0.09512189,0.29559034,0.17950404840888867
2015-01-21 01:30:00,0,0.038867593,0.30680905000411407,0.3037801302281171,0.43818915,0.05661067,0.051344298,0.03388123,0.0957604,0.28833428,0.17928631066626358
2015-01-21 02:00:00,0,0.03879738,0.2596964874745389,0.3044450844698684,0.47021756,0.05562333,0.05071956,0.030214587,0.09809735,0.28203416,0.17664949869673027
2015-01-21 02:30:00,0,0.03876531,0.3277207414936285,0.3044097829659228,0.5012168,0.055205185,0.050110485,0.027098924,0.101114154,0.27612895,0.18686337337925155
2015-01-21 03:00:00,0,0.038700104,0.3388755137548056,0.30438092971290664,0.52274066,0.055273987,0.04943416,0.027132299,0.102266215,0.2712983,0.19001135094596014
2015-01-21 03:30:00,0,0.03867638,0.34975745627400556,0.30444428534339685,0.53453153,0.05576727,0.048888184,0.02886532,0.09935793,0.26759535,0.1919870796001047
2015-01-21 04:00:00,0,0.03864312,0.46226628905916733,0.30440294435828397,0.5266423,0.056496147,0.04891169,0.030471683,0.10007305,0.26287082,0.20341978481808637
2015-01-21 04:30:00,0,0.038619637,0.47762601218826894,0.3041992186645879,0.531273,0.05584101,0.04991018,0.0354373,0.10469627,0.26007715,0.20640886465554928
2015-01-21 05:00:00,0,0.038785577,0.46259523643938394,0.30425739654476014,0.52132577,0.053514667,0.05174616,0.03612792,0.10583098,0.26289567,0.20411993116964042
2015-01-21 05:30:00,0,0.039124846,0.4253520397187067,0.3042333122722999,0.43591672,0.052000307,0.053401027,0.040522564,0.10517791,0.26256785,0.1909218416663617
2015-01-21 06:00:00,0,0.039408803,0.3074857461442573,0.30386113661058006,0.33828804,0.053148657,0.054834932,0.043162424,0.10895869,0.26350144,0.16807220720850483
2015-01-21 06:30:00,0,0.0404557,0.33666212864924994,0.30375671619076205,0.122578815,0.05583039,0.05572987,0.038920216,0.11230239,0.26374546,0.1477757425960658
2015-01-21 07:00:00,0,0.03917563,0.3376275758449445,0.30455195014303704,0.038206235,0.060418885,0.057921015,0.0340623,0.11418042,0.2609703,0.13856825641975126
2015-01-21 07:30:00,0,0.039276004,0.2365860426207771,0.30253438780685904,0.20417929,0.059367962,0.055849377,0.03124348,0.11521892,0.26557308,0.14553650534018825
2015-01-21 08:00:00,0,0.03899455,0.41425438817763727,0.3037073802583233,0.25700253,0.058603834,0.054950275,0.028819941,0.11532366,0.26423475,0.17065459063511484
2015-01-21 08:30:00,0,0.039897442,0.2610763999763286,0.30580612574226673,0.29126045,0.057224065,0.05465902,0.029459562,0.11178589,0.27217618,0.15814945900179567
2015-01-21 09:00:00,0,0.040343523,0.1726279595908462,0.3056662638793054,0.22943325,0.055915747,0.056128964,0.02999216,0.107258454,0.27272063,0.14112077321417468
2015-01-21 09:30:00,0,0.04097104,0.23969610459192126,0.30550424743176907,0.17943983,0.054335095,0.057835806,0.026924886,0.106385365,0.27329972,0.1427102329444719
2015-01-21 10:00:00,0,0.041401505,0.3229506152362358,0.3051656350818539,0.11722673,0.051819008,0.057768002,0.029160341,0.11037504,0.27352232,0.14548768789203073
2015-01-21 10:30:00,0,0.040558457,0.31060014753779264,0.3037681175527708,0.12867463,0.05001386,0.05685993,0.028260125,0.11404455,0.279782,0.14584020065413345
2015-01-21 11:00:00,0,0.040816784,0.3356490786168873,0.3018206279285764,0.057543315,0.048022885,0.05492904,0.028509777,0.12093719,0.2740889,0.1402575097823796
2015-01-21 11:30:00,0,0.04077387,0.387988459699395,0.3034339648441322,0.10213437,0.048066996,0.05399349,0.026552169,0.11838322,0.27945292,0.1511977175544398
2015-01-21 12:00:00,0,0.040328264,0.29029493932891626,0.30033541639642053,0.11937053,0.04771332,0.052602366,0.025901793,0.115865804,0.2744013,0.14075708197494885
2015-01-21 12:30:00,0,0.03962207,0.41333049876827666,0.29904623758469334,0.087170646,0.04722605,0.05199299,0.028629826,0.118042044,0.2752574,0.1511464187530599
2015-01-21 13:00:00,0,0.037847877,0.297297075169924,0.29793698007259745,0.051154792,0.045325473,0.05095841,0.027787551,0.12334529,0.2798025,0.13460621694961994
2015-01-21 13:30:00,0,0.03748226,0.4297504550168991,0.2957914470226591,0.124129765,0.046712507,0.050478708,0.025188163,0.12686084,0.2791516,0.15728285963381997
2015-01-21 14:00:00,0,0.03643906,0.35723786423130477,0.2899200070535248,0.1431667,0.048236,0.0491029,0.024640078,0.13170092,0.28099716,0.1512711879206749
2015-01-21 14:30:00,0,0.035850167,0.22359530611518252,0.2889137447909958,0.17150776,0.05217592,0.048284482,0.02539109,0.1307794,0.28150004,0.1397775460382829
2015-01-21 15:00:00,0,0.035857916,0.1723670015334129,0.28964683837423505,0.18038309,0.05775647,0.048828397,0.027491713,0.1245323,0.28324947,0.13556813171088714
2015-01-21 15:30:00,0,0.03538525,0.14994058991049108,0.2888848105205493,0.09557434,0.058597356,0.051001262,0.025743155,0.11515046,0.28387845,0.12268396341514626
2015-01-21 16:00:00,0,0.03573644,0.044552483658373276,0.2906708287235566,0.06719042,0.056497537,0.052605078,0.025066478,0.10983934,0.28305754,0.10724623924372668
2015-01-21 16:30:00,0,0.036273003,0.21472731331271966,0.29073490246308803,0.0060492265,0.051794194,0.05051741,0.030463291,0.10662627,0.2824026,0.11884313522012256
2015-01-21 17:00:00,0,0.03726828,0.020194795408752242,0.29102595389881,0.112724744,0.051718764,0.049274888,0.029803418,0.10002946,0.2842079,0.10847202388654036
2015-01-21 17:30:00,0,0.034615755,0.13758463324028725,0.2936871702577928,0.28255662,0.05515503,0.048767824,0.03046427,0.09371802,0.28871256,0.14058465437423417
2015-01-21 18:00:00,0,0.03364885,0.3332707981838148,0.2953935225485475,0.38708836,0.056933902,0.047645498,0.024040122,0.087654464,0.29380172,0.17327524870912314
2015-01-21 18:30:00,0,0.034178376,0.13275938973965573,0.29389503888826524,0.40814045,0.05419813,0.04697549,0.024297418,0.08541782,0.29589275,0.15286165128282186
2015-01-21 19:00:00,0,0.032740712,0.24989918321064053,0.2875286229287477,0.41761604,0.050450094,0.04704681,0.023032954,0.08466829,0.30222502,0.1661341925909562
2015-01-21 19:30:00,0,0.030341506,0.185768884436456,0.2798844111064593,0.37829876,0.04525023,0.04757028,0.022605428,0.086066246,0.30893645,0.15385802140954685
2015-01-21 20:00:00,0,0.030390024,0.13687101098971866,0.27956821848907276,0.3496576,0.041932255,0.048531167,0.026992714,0.09087896,0.31110385,0.14621397768516842
2015-01-21 20:30:00,0,0.031310678,0.17844913574633559,0.27716641994189245,0.32611865,0.040700957,0.048451237,0.025247354,0.095610514,0.31716272,0.1489130740579064
2015-01-21 21:00:00,0,0.030472875,0.3082714192797731,0.2744037734427916,0.35381654,0.041148573,0.047800817,0.028790146,0.09588761,0.318892,0.16660930591257475
2015-01-21 21:30:00,0,0.029669642,0.25377530580554186,0.2757259079355963,0.32577565,0.042094238,0.045949094,0.035742685,0.088912115,0.3222359,0.15776450591085514
2015-01-21 22:00:00,0,0.030772567,0.43038134322383925,0.2804988914891372,0.28783038,0.042843234,0.042823162,0.028181374,0.08380513,0.32595757,0.1725659610358232
2015-01-21 22:30:00,0,0.031812787,0.4767812254258672,0.28129495955268313,0.22518852,0.04263297,0.038981482,0.027608119,0.0919395,0.32495794,0.17124416736987624
2015-01-21 23:00:00,0,0.030769825,0.32581605171483297,0.2928571540496482,0.06869108,0.045197427,0.041221417,0.07248739,0.11383624,0.32788023,0.14652853546224134
2015-01-21 23:30:00,0,0.029614449,0.2670568726630531,0.30593457887799835,0.07940266,0.052366566,0.046519622,0.03729408,0.13554636,0.32291716,0.14185026105018295
2015-01-22 00:00:00,0,0.029667854,0.23771908654733487,0.3086028032447017,0.18003267,0.04656928,0.04713405,0.07031573,0.12714653,0.3109034,0.15089904500755463
2015-01-22 00:30:00,0,0.028363705,0.39785989292528434,0.3113570312962729,0.28302085,0.044225477,0.045601577,0.04459872,0.123374954,0.31355646,0.17688429705646763
2015-01-22 01:00:00,0,0.028779149,0.4655111541246715,0.31368476149911184,0.34664887,0.044037282,0.045813028,0.029772392,0.12354166,0.30687407,0.18940692950611637
2015-01-22 01:30:00,0,0.029028296,0.3969248738254887,0.3165507310001112,0.41383556,0.04423885,0.04739117,0.036222667,0.12419472,0.3040548,0.19027129532820472
2015-01-22 02:00:00,0,0.028807282,0.4575713791723448,0.3200970296415655,0.46005592,0.044318385,0.049693573,0.03445779,0.12441053,0.30384418,0.20258400834962578
2015-01-22 02:30:00,0,0.02902937,0.4453695503086781,0.32233247730868875,0.49748668,0.044112567,0.05178359,0.029594809,0.12779917,0.30235508,0.20554036599711928
2015-01-22 03:00:00,0,0.029093027,0.43889570633816355,0.32293933100508754,0.5130507,0.043825943,0.0528484,0.031415172,0.12800975,0.29796857,0.20644961903741488
2015-01-22 03:30:00,0,0.029242992,0.4424006599121544,0.32309057213439474,0.5221404,0.044047575,0.05302998,0.031047836,0.12453165,0.29635972,0.20732126299640255
2015-01-22 04:00:00,0,0.029318094,0.5121783507525866,0.3237157799613657,0.51866746,0.045516193,0.053251028,0.029663155,0.121363655,0.29639548,0.21445213285002585
2015-01-22 04:30:00,0,0.029372692,0.6390768130670601,0.32417961948024265,0.52955794,0.047632046,0.055146787,0.036234125,0.12108253,0.29627463,0.23095079872168123
2015-01-22 05:00:00,0,0.029372215,0.6280842415862029,0.32418462783047897,0.51395106,0.04845594,0.05774062,0.03726521,0.11466028,0.29165697,0.2272634631215166
2015-01-22 05:30:00,0,0.029924393,0.5834950542521948,0.3242692763146947,0.4328725,0.049288955,0.05992224,0.035851084,0.104209006,0.2985433,0.21315286847297424
2015-01-22 06:00:00,0,0.031936526,0.5380730374968561,0.32492682850940546,0.34561983,0.053546607,0.06280322,0.04182093,0.10493574,0.29110765,0.19941892994746968
2015-01-22 06:30:00,0,0.034098506,0.4873338769912454,0.3265347151614687,0.11700493,0.055021163,0.06269182,0.044930615,0.11383033,0.2865553,0.16977791639607476
2015-01-22 07:00:00,0,0.037432194,0.5706263194351529,0.3298014926205761,0.021527467,0.05873513,0.064181484,0.043890644,0.120575845,0.29725015,0.17155785851356964
2015-01-22 07:30:00,0,0.03786528,0.5149294378710163,0.3387287922168779,0.22930463,0.057608802,0.061405603,0.04049448,0.123264536,0.30225912,0.18954007503961393
2015-01-22 08:00:00,0,0.03834641,0.6258521678798594,0.34255517916269107,0.26733565,0.05860611,0.059750844,0.043885436,0.124683484,0.3001365,0.20679464348369062
2015-01-22 08:30:00,0,0.037937284,0.4994897263710687,0.34111084460672914,0.27724,0.057723753,0.057780042,0.038605314,0.1197143,0.3026802,0.19247571817052261
2015-01-22 09:00:00,0,0.037754774,0.48425362948097117,0.33980002309328194,0.21331188,0.05779466,0.058655057,0.0325164,0.11175095,0.30642033,0.18247307836894988
2015-01-22 09:30:00,0,0.03769684,0.5717692596713597,0.34031707633342034,0.16910669,0.05812763,0.059842233,0.032148704,0.10951498,0.30154324,0.1866740723106647
2015-01-22 10:00:00,0,0.039418936,0.5331654073893883,0.3449575669275462,0.07979597,0.060495805,0.061321456,0.036519308,0.11610057,0.29728606,0.17434012063461982
2015-01-22 10:30:00,0,0.040098906,0.6686069360300841,0.34726194201479765,0.08781379,0.0630179,0.061623544,0.036579203,0.12576602,0.29769245,0.19205118737046348
2015-01-22 11:00:00,0,0.041594267,0.7382074370474765,0.3517573193434349,0.026801215,0.06634025,0.061805554,0.037684735,0.13377367,0.30620173,0.19601846399643488
2015-01-22 11:30:00,0,0.04070282,0.6646394616702729,0.3493983237777233,0.12730259,0.06855853,0.060788814,0.034849253,0.13755065,0.29858086,0.19804125500137731
2015-01-22 12:00:00,0,0.040922403,0.7319992883852908,0.34894826090460684,0.13866474,0.06875855,0.060861543,0.03369934,0.13873613,0.30709484,0.2077427880241292
2015-01-22 12:30:00,0,0.04051149,0.7920631735270725,0.34805290413892986,0.10625047,0.06685188,0.06146374,0.041222144,0.13965245,0.30243945,0.21094529959940445
2015-01-22 13:00:00,0,0.04091406,0.609651813165085,0.3482673204508143,0.05372735,0.06433044,0.06334554,0.039148044,0.14179267,0.30530187,0.18516434499096077
2015-01-22 13:30:00,0,0.04140556,0.5024020080522362,0.34984548475379107,0.12168583,0.06454483,0.06340965,0.034618158,0.14271277,0.307193,0.18086858894934366
2015-01-22 14:00:00,0,0.041989565,0.2512810050633707,0.35291450234816035,0.13634942,0.06484468,0.062490176,0.03850927,0.14660375,0.3081242,0.155900731908433
2015-01-22 14:30:00,0,0.041795254,0.12685572794391753,0.3548002088165344,0.17832506,0.06778638,0.059992533,0.038099676,0.14730904,0.30943733,0.14715568970450058
2015-01-22 15:00:00,0,0.041936517,0.13160384379354184,0.3566771359415528,0.19011596,0.07268072,0.05867347,0.035533845,0.14038831,0.31165192,0.14880685733892723
2015-01-22 15:30:00,0,0.043875575,0.19312299517006615,0.3590966846711886,0.12648796,0.0732871,0.060181126,0.03929572,0.13393313,0.31324062,0.1491689891328254
2015-01-22 16:00:00,0,0.044079542,0.19193692713153965,0.35879447124313835,0.057757698,0.07050549,0.063223064,0.04447927,0.13111992,0.3143723,0.1418076319231856
2015-01-22 16:30:00,0,0.0432626,0.32071000163130137,0.36066253064215004,0.014795934,0.06469853,0.06190286,0.0421001,0.13426407,0.3120837,0.1504978130495791
2015-01-22 17:00:00,0,0.04229009,0.2881746691110827,0.3612133129115642,0.11075245,0.064844094,0.061518736,0.042741638,0.13268273,0.31462884,0.15764961725935714
2015-01-22 17:30:00,0,0.04202962,0.357128207205367,0.36228754511549965,0.2690507,0.0679128,0.060513347,0.044976495,0.12754361,0.31451327,0.18288395368714916
2015-01-22 18:00:00,0,0.04173088,0.5516191020794992,0.3632043052132162,0.3751688,0.06892001,0.058609672,0.037681922,0.11939447,0.31362793,0.21443967624509241
2015-01-22 18:30:00,0,0.042451262,0.44317626794576626,0.3668925463925462,0.45701915,0.07008669,0.05842884,0.042281426,0.11688256,0.32237363,0.21328804127387052
2015-01-22 19:00:00,0,0.04149568,0.5689945243111776,0.3687766693384189,0.47181135,0.066526085,0.059529442,0.03958667,0.11852375,0.32700562,0.22913886647712595
2015-01-22 19:30:00,0,0.041527748,0.6608041679737493,0.365845609697399,0.49209172,0.06247885,0.06108967,0.03797134,0.12163362,0.33899707,0.2424933095861861
2015-01-22 20:00:00,0,0.040697813,0.5624892590704338,0.3621295500785944,0.4314221,0.05543403,0.061328784,0.039513025,0.12748218,0.35098433,0.22572012066017275
2015-01-22 20:30:00,0,0.038183928,0.4990378276512004,0.3608185444346237,0.3995224,0.050664727,0.060717754,0.035087537,0.12852912,0.35807636,0.21451535462313387
2015-01-22 21:00:00,0,0.03532338,0.47912735287025754,0.3584496021380381,0.44299868,0.048689738,0.060584903,0.042571425,0.12321451,0.36640716,0.2174851943439673
2015-01-22 21:30:00,0,0.032675028,0.6751782553597039,0.3541752550896857,0.46516556,0.047270093,0.0577639,0.045912772,0.11862913,0.37953264,0.2418114025405226
2015-01-22 22:00:00,0,0.036037683,0.5732889883940455,0.347641180923395,0.42653427,0.045499485,0.05172563,0.04049441,0.11680733,0.39285535,0.22565381268034557
2015-01-22 22:30:00,0,0.037221313,0.6429127205558949,0.33552071556862917,0.3623489,0.044041578,0.046133764,0.037638165,0.120142676,0.40675896,0.2258576455181396
2015-01-22 23:00:00,0,0.03366494,0.5983800750970865,0.30373533863699576,0.31651443,0.043129984,0.04071687,0.05989473,0.12630093,0.4147639,0.21523346687784503
2015-01-22 23:30:00,0,0.031156063,0.4561570581321881,0.28217778991885345,0.15324257,0.046880055,0.040374532,0.03389039,0.12860397,0.4156808,0.17646258018797967
2015-01-23 00:00:00,0,0.03222561,0.42629385077409765,0.28873695371026215,0.015010312,0.041670818,0.04018602,0.061518073,0.12789169,0.40525028,0.15986484539831924
2015-01-23 00:30:00,0,0.032971144,0.5146511134656571,0.2957012377966367,0.109630264,0.04074889,0.03873011,0.053205345,0.124118835,0.3899786,0.1777483919973862
2015-01-23 01:00:00,0,0.033482432,0.5047924331408087,0.3083890203418177,0.21857819,0.041894823,0.03881642,0.043211848,0.11991088,0.38162023,0.18785514155872646
2015-01-23 01:30:00,0,0.03319192,0.4399733215136443,0.315364013459433,0.30574515,0.042680345,0.03911654,0.037197087,0.11553597,0.3667288,0.18839257332489007
2015-01-23 02:00:00,0,0.032975078,0.44120225593320583,0.3170194831213524,0.3510651,0.042532902,0.038877767,0.030700998,0.11066707,0.35531172,0.19115026409933275
2015-01-23 02:30:00,0,0.032701492,0.43989822801565914,0.31826758241331,0.4037168,0.042306248,0.03861707,0.027309919,0.1099137,0.3392884,0.19466882842535357
2015-01-23 03:00:00,0,0.032654047,0.3702282249983604,0.3194296080508008,0.4379319,0.042198963,0.038677186,0.027921526,0.10773149,0.32920206,0.18955277750828342
2015-01-23 03:30:00,0,0.032507777,0.16446854707367642,0.3204076099605988,0.4661872,0.042686846,0.039086387,0.027197726,0.10417511,0.32167932,0.1687107265479959
2015-01-23 04:00:00,0,0.032551646,0.24793085036855622,0.32111972371200237,0.469017,0.045071315,0.0399931,0.026582563,0.10354485,0.3111561,0.17744079391177184
2015-01-23 04:30:00,0,0.03270042,0.4284160442072533,0.3215350301075225,0.49890158,0.04720898,0.04218385,0.029865565,0.10691358,0.30582508,0.20150556999419164
2015-01-23 05:00:00,0,0.03280258,0.42608998911789797,0.3222401984555835,0.5075625,0.047146864,0.045671385,0.03205177,0.10742399,0.30614367,0.2030147740989315
2015-01-23 05:30:00,0,0.031853914,0.4632934767032726,0.3222746198156271,0.42601234,0.046001192,0.04769242,0.02639556,0.10405166,0.30333495,0.1967677921918129
2015-01-23 06:00:00,0,0.028710842,0.19824453302229728,0.32173987531480086,0.3349866,0.044887975,0.047526535,0.029621108,0.10774704,0.30773634,0.15791120473910503
2015-01-23 06:30:00,0,0.028926015,0.16069064064015848,0.32112412074890095,0.13715667,0.046310168,0.046865504,0.040652037,0.11657777,0.3120866,0.1344877254553153
2015-01-23 07:00:00,0,0.03158629,0.22372264388023844,0.32087993421399386,0.004505688,0.049854,0.047355246,0.033457138,0.12187305,0.3066952,0.12665879799446333
2015-01-23 07:30:00,0,0.03147316,0.2605029277568587,0.3256061117884874,0.21661332,0.05004955,0.047561787,0.04258204,0.12206187,0.30959117,0.15622688262664486
2015-01-23 08:00:00,0,0.032409072,0.44407040555850585,0.3286756670439851,0.24383959,0.05135247,0.047874168,0.04435331,0.12126694,0.31621388,0.18111727774609243
2015-01-23 08:30:00,0,0.033094645,0.24431759276750853,0.3285671883874314,0.25035676,0.051901426,0.048823003,0.036302038,0.11377118,0.3144933,0.15795857023231955
2015-01-23 09:00:00,0,0.04265058,0.3875468727208169,0.34037097502022895,0.20786662,0.052963834,0.05113221,0.03361494,0.10144555,0.31508255,0.17029712613626746
2015-01-23 09:30:00,0,0.04306662,0.2684562748789059,0.3405776026109737,0.17781055,0.05322566,0.05352418,0.024044052,0.093835354,0.31234312,0.1518759349251141
2015-01-23 10:00:00,0,0.040283084,0.19327350257986708,0.33603321710222933,0.089786075,0.052915685,0.053062085,0.032130037,0.09501173,0.31447607,0.13410794348424
2015-01-23 10:30:00,0,0.039850116,0.23050618416894153,0.3333375388744877,0.09771814,0.053667184,0.053048264,0.033439707,0.10005144,0.3165642,0.1397980865123788
2015-01-23 11:00:00,0,0.039818525,0.46235597037907894,0.3286678378141302,0.051111914,0.05436971,0.05057198,0.023276187,0.10951661,0.31784448,0.15972591342992282
2015-01-23 11:30:00,0,0.04024577,0.49949958435295017,0.328255985707229,0.13339098,0.056613717,0.05163977,0.023498284,0.11807827,0.31914055,0.17448476801549567
2015-01-23 12:00:00,0,0.04090345,0.4485251867806124,0.3262031807888729,0.15800183,0.057438433,0.05315698,0.024067601,0.12511773,0.32014632,0.17261785687864256
2015-01-23 12:30:00,0,0.040907025,0.31981862551069007,0.32368482025516176,0.10646485,0.056353595,0.054349974,0.025690792,0.13081086,0.3192358,0.15303514873059576
2015-01-23 13:00:00,0,0.040154576,0.1173290249323351,0.317505300459502,0.10526432,0.05508954,0.052910294,0.020373961,0.13747197,0.32249644,0.1298439374073554
2015-01-23 13:30:00,0,0.039624333,0.12696835653014205,0.31401649841528334,0.15127029,0.055301372,0.052720495,0.021659086,0.14300111,0.3226189,0.1363533818582566
2015-01-23 14:00:00,0,0.039028287,0.2150330076564888,0.3113846619226137,0.18758626,0.056258816,0.051797904,0.02200508,0.14821634,0.32713568,0.1509384486741174
2015-01-23 14:30:00,0,0.039191127,0.12011353859348617,0.31004089945853086,0.21957178,0.05847432,0.05085418,0.02196485,0.14895025,0.32999033,0.1443501417955247
2015-01-23 15:00:00,0,0.04020357,0.15524689064166175,0.3095024649820156,0.19929142,0.06065037,0.051405497,0.020860218,0.14617935,0.33210748,0.1461608075443854
2015-01-23 15:30:00,0,0.040028334,0.2132098446252062,0.3080226963481314,0.11992791,0.062450003,0.05522871,0.019464158,0.13745834,0.3329587,0.14319429952991364
2015-01-23 16:00:00,0,0.038886547,0.3266444559106141,0.30599786453888966,0.05608553,0.06440355,0.059986975,0.02126988,0.12720531,0.3339095,0.14826551401563845
2015-01-23 16:30:00,0,0.03810537,0.4377202711508783,0.30689609374073157,0.032332223,0.06577974,0.06106522,0.021777187,0.12206378,0.33569488,0.1579371953402715
2015-01-23 17:00:00,0,0.03881657,0.3995259551547381,0.30740501209434645,0.14115155,0.06874486,0.061474904,0.025715712,0.11953824,0.3368837,0.16658405527225348
2015-01-23 17:30:00,0,0.039515138,0.5075647815341817,0.3077503525735865,0.28697285,0.07210018,0.060308583,0.027024828,0.11971382,0.33885446,0.19553388812803557
2015-01-23 18:00:00,0,0.04070449,0.43039943798993896,0.3069788788240505,0.39450592,0.07436063,0.058089554,0.025845222,0.123882316,0.34190813,0.19963050828976586
2015-01-23 18:30:00,0,0.04088247,0.34981838978992386,0.30421231034480134,0.45839116,0.0739329,0.055870164,0.023392642,0.12376988,0.342991,0.1970289898947975
2015-01-23 19:00:00,0,0.039898038,0.2819330188843594,0.30568557917120964,0.5351821,0.07717491,0.05688618,0.032176588,0.12086191,0.3521659,0.2002182500739592
2015-01-23 19:30:00,0,0.0407573,0.398597934433889,0.30749285340183785,0.5001524,0.075522594,0.05762056,0.02438279,0.11401279,0.3538495,0.2080431924553723
2015-01-23 20:00:00,0,0.042375207,0.3140749658330435,0.30835843626188164,0.44981593,0.074179545,0.058057703,0.02194771,0.106813334,0.35661831,0.19247123831716784
2015-01-23 20:30:00,0,0.04154241,0.3242563032428798,0.31099951610682575,0.40393865,0.07437851,0.0578628,0.02288226,0.10006828,0.3572074,0.1881262355975773
2015-01-23 21:00:00,0,0.042731404,0.3657993124145378,0.31443262235032743,0.3939485,0.07700816,0.05937473,0.023664353,0.09867322,0.35194767,0.1919533287876053
2015-01-23 21:30:00,0,0.043744087,0.4064259513498758,0.31829176611625276,0.40869784,0.07906643,0.061090972,0.020893903,0.1063791,0.3449213,0.1988345941153249
2015-01-23 22:00:00,0,0.04485786,0.3710774847246192,0.3181760400822983,0.467095,0.080524035,0.06291436,0.025064483,0.113319874,0.35027426,0.20370037614932995
2015-01-23 22:30:00,0,0.043171525,0.48595252289094226,0.31552064593046525,0.46786675,0.080675304,0.06299588,0.027573438,0.11725415,0.3618002,0.2180900458016079
2015-01-23 23:00:00,0,0.044062376,0.3378615624795511,0.3148557137843768,0.4624215,0.08180122,0.06187184,0.047897328,0.124571115,0.3759008,0.2056937187467124
2015-01-23 23:30:00,0,0.03653562,0.1259258212826122,0.29211606183647265,0.43841094,0.08666226,0.06042885,0.025264401,0.13515745,0.39465484,0.17723958298653789
2015-01-24 00:00:00,0,0.03290069,0.25066849003217406,0.25915989097182424,0.4223753,0.07566742,0.05510141,0.04799066,0.14745338,0.41864717,0.18999604505654424
2015-01-24 00:30:00,0,0.029816031,0.34689881821906887,0.2381558607026738,0.31681457,0.06483344,0.04897316,0.027222868,0.14351174,0.42748067,0.18263412909428758
2015-01-24 01:00:00,0,0.027077794,0.33139416567947677,0.22072741503472382,0.25657377,0.05645447,0.04268365,0.017063962,0.13160916,0.4244847,0.1675632309526442
2015-01-24 01:30:00,0,0.025386691,0.3117567837739976,0.21523353102120302,0.16503347,0.05049928,0.0372506,0.016522696,0.11778611,0.40863246,0.14978906924510715
2015-01-24 02:00:00,0,0.0292902,0.2743910199938302,0.26065958805225564,0.004626901,0.05213288,0.03762242,0.019371297,0.10715042,0.38659966,0.1302049313998588
2015-01-24 02:30:00,0,0.039469242,0.31196010040646094,0.2968848674684376,0.10804386,0.055309214,0.040128663,0.015560635,0.10079743,0.36055893,0.1476347706528189
2015-01-24 03:00:00,0,0.037305355,0.1831778810854292,0.32077289545813326,0.1769456,0.057051208,0.042182732,0.020555913,0.101734854,0.3339712,0.14152195987727298
2015-01-24 03:30:00,0,0.036541462,0.028220259104369205,0.33686861360426756,0.23482823,0.05815463,0.042717025,0.017744536,0.107044004,0.30783594,0.12999496672139765
2015-01-24 04:00:00,0,0.039680958,0.13837945166202026,0.3474464518470721,0.28889486,0.061466914,0.04338781,0.019875953,0.111019865,0.28572404,0.1484307011155102
2015-01-24 04:30:00,0,0.044184446,0.3256099544338653,0.35042986347850413,0.40946218,0.06648396,0.04474783,0.02533072,0.11387176,0.27320302,0.18370263704635362
2015-01-24 05:00:00,0,0.043394327,0.23848530489683384,0.35059052104277777,0.4652439,0.06988658,0.04427751,0.024996307,0.11674221,0.267374,0.1801100749748764
2015-01-24 05:30:00,0,0.044104576,0.18997575006387812,0.3509444088609138,0.4888257,0.07405111,0.045252673,0.026702814,0.11765042,0.2769769,0.17938715282437245
2015-01-24 06:00:00,0,0.04888892,0.14246908930684477,0.3511476300369758,0.4779352,0.07823478,0.047105484,0.02075618,0.115166456,0.29806834,0.17553023068701332
2015-01-24 06:30:00,0,0.044124126,0.1699226683297752,0.35080716533399525,0.43081445,0.082119025,0.051166676,0.027984058,0.113533475,0.3266925,0.17746268123899
2015-01-24 07:00:00,0,0.042605996,0.16142696119395694,0.34887167733731583,0.40405983,0.08651356,0.056169834,0.020933095,0.115996234,0.3558774,0.17693939793868255
2015-01-24 07:30:00,0,0.036872983,0.33743252301072957,0.3370251982013637,0.341761,0.07517281,0.051303167,0.021778217,0.12047435,0.374499,0.18847991544599713
2015-01-24 08:00:00,0,0.037706494,0.38915631684374574,0.33111542593986876,0.2930538,0.06735776,0.048060287,0.020338334,0.12374681,0.3840019,0.18828190561716518
2015-01-24 08:30:00,0,0.0392164,0.4667794325587966,0.3343245079407752,0.18380576,0.059201512,0.044548284,0.019258603,0.11841957,0.38708913,0.18362702328769676
2015-01-24 09:00:00,0,0.039158344,0.5046413371866816,0.33742512601556984,0.1265234,0.057128232,0.043928143,0.02064794,0.10996149,0.38707733,0.18072126062048954
2015-01-24 09:30:00,0,0.037940383,0.417042911834578,0.34018842065411303,0.029631032,0.05422626,0.04368919,0.021679657,0.10720762,0.38333556,0.15943789276567158
2015-01-24 10:00:00,0,0.035193205,0.47362040081980794,0.3435183990740709,0.024014276,0.05445938,0.0431759,0.01743595,0.10942351,0.38710108,0.16532690051728077
2015-01-24 10:30:00,0,0.03627193,0.6571121151705288,0.34722211089997657,0.09175838,0.05432948,0.042635083,0.021031644,0.1134346,0.38832822,0.19468039603351026
2015-01-24 11:00:00,0,0.034844518,0.6768154999420926,0.3494590058330137,0.10809413,0.054018315,0.041099764,0.019561272,0.112639494,0.3896054,0.1984597117283755
2015-01-24 11:30:00,0,0.034595847,0.500083601240167,0.35763596986386537,0.23895171,0.05750184,0.043960568,0.027916871,0.11024754,0.39546216,0.19626178931421512
2015-01-24 12:00:00,0,0.03372562,0.4927822892575957,0.3654808250348882,0.23492138,0.05866473,0.046477363,0.020582242,0.108526826,0.39984235,0.19566706979981852
2015-01-24 12:30:00,0,0.033088803,0.7292685559936576,0.3742883514083313,0.25781718,0.06037121,0.048612487,0.021316187,0.107155114,0.4070309,0.22654986636522853
2015-01-24 13:00:00,0,0.033671975,0.519723022975203,0.38048566189516164,0.2550731,0.061334,0.049637202,0.021307914,0.10815768,0.4143595,0.20486111827953682
2015-01-24 13:30:00,0,0.03218162,0.5096219702122244,0.38449743881715104,0.22257309,0.060922243,0.049624126,0.020444505,0.11747176,0.4199425,0.201919916719716
2015-01-24 14:00:00,0,0.029866338,0.6047739934926675,0.3873434043780887,0.18522808,0.059504006,0.047942556,0.0204287,0.12526743,0.41738868,0.20863813186808175
2015-01-24 14:30:00,0,0.027424932,0.5142600142972729,0.3884934173402331,0.19911991,0.058108084,0.043968737,0.021702878,0.12789227,0.41774336,0.19985706652087418
2015-01-24 15:00:00,0,0.02601254,0.5493013579164217,0.38943286600104254,0.20923865,0.05891519,0.04127843,0.022468125,0.12819833,0.41833568,0.20479790657762464
2015-01-24 15:30:00,0,0.026922941,0.4283069737794687,0.3882666753311126,0.21236862,0.061528794,0.04238009,0.02247451,0.13070679,0.42325032,0.1929117459210186
2015-01-24 16:00:00,0,0.025981188,0.5363470132414143,0.3893680557394176,0.20439367,0.061810758,0.04555041,0.022024272,0.13156451,0.42811725,0.20501745830308277
2015-01-24 16:30:00,0,0.0217942,0.5093835939969331,0.39215980959165686,0.2023785,0.058826048,0.04773304,0.023053652,0.13073085,0.43476754,0.20231413723118402
2015-01-24 17:00:00,0,0.020361423,0.44214528539112763,0.3908937943997729,0.23706518,0.059213724,0.050474606,0.023532653,0.12850423,0.44424832,0.1996043575925507
2015-01-24 17:30:00,0,0.01995027,0.5186619427051493,0.38733763741009597,0.30275124,0.05997816,0.05104839,0.026036223,0.12857012,0.44034564,0.2149644042568258
2015-01-24 18:00:00,0,0.019391894,0.57758909588315,0.3873469728276322,0.3698093,0.0588545,0.04942291,0.02400948,0.12760703,0.4394233,0.22816160864102597
2015-01-24 18:30:00,0,0.017927766,0.6185498230859263,0.3894300082953194,0.42181793,0.0570341,0.046833836,0.027894976,0.12568429,0.43310955,0.23758692011884014
2015-01-24 19:00:00,0,0.017959833,0.6086558908561184,0.39578899642952314,0.5060693,0.055579502,0.04339071,0.030886153,0.12149173,0.43046284,0.245587217247068
2015-01-24 19:30:00,0,0.018569827,0.4869155559284817,0.4007662580683302,0.45290306,0.05436882,0.04161099,0.022566536,0.11562813,0.4194594,0.22364317585326787
2015-01-24 20:00:00,0,0.017849445,0.34897036029035,0.4012342663022569,0.29460478,0.055688694,0.04194627,0.041015886,0.11547545,0.40732026,0.19156726823610404
2015-01-24 20:30:00,1,0.016957283,0.41646809037003685,0.40606637048424976,0.25014237,0.060350135,0.044542454,0.034001514,0.11830261,0.39711615,0.19377188677387708
2015-01-24 21:00:00,1,0.016765356,0.243795353643824,0.41450693208978506,0.2493706,0.06546444,0.047821462,0.031123325,0.1246769,0.3880171,0.17572682858206484
2015-01-24 21:30:00,1,0.015689373,0.380345193164505,0.41714160787512544,0.309397,0.06771041,0.0499119,0.02684987,0.13327742,0.38024253,0.19784058965372311
2015-01-24 22:00:00,1,0.01653397,0.37403793514378414,0.41810306013348075,0.4281207,0.06857362,0.051438835,0.035860546,0.13843544,0.3661938,0.21081087832796344
2015-01-24 22:30:00,1,0.01783061,0.44305745546493114,0.41764330462961274,0.45607588,0.07043487,0.052890074,0.04664304,0.14442556,0.3666263,0.22395856430775815
2015-01-24 23:00:00,1,0.017200708,0.35533223285307436,0.4163303251064312,0.4831735,0.07415414,0.053959966,0.07686333,0.154208,0.37068865,0.22243453836440472
2015-01-24 23:30:00,1,0.016732454,0.31409787858642524,0.4134839470931212,0.49547893,0.08033424,0.05486211,0.034889665,0.1651562,0.3765111,0.21683850228521623
2015-01-25 00:00:00,1,0.017528772,0.33682763681128414,0.41274824990428116,0.45680475,0.08025984,0.05237709,0.043837875,0.1711321,0.38012898,0.2168494773230193
2015-01-25 00:30:00,1,0.020241499,0.3558239314489171,0.40903227130290676,0.40308112,0.0814022,0.050127596,0.041493002,0.16489758,0.38639593,0.21249945816071258
2015-01-25 01:00:00,1,0.02403438,0.5276337161641695,0.4068836117166811,0.35566023,0.08278508,0.04730805,0.030900648,0.15444387,0.39579034,0.22504888083769117
2015-01-25 01:30:00,1,0.0247401,0.5773819726244902,0.4024158060926172,0.27835476,0.081233084,0.04480785,0.029766474,0.14429033,0.4012391,0.22046994190982389
2015-01-25 02:00:00,1,0.016910195,0.6479584946124959,0.3792528122931518,0.21978614,0.07406393,0.040962733,0.026961189,0.1356883,0.40573937,0.21636924005944425
2015-01-25 02:30:00,1,0.014135599,0.5909543671528468,0.34789380063627373,0.13386261,0.065766156,0.037557326,0.023887709,0.13736817,0.4009031,0.19470320560668786
2015-01-25 03:00:00,1,0.014705658,0.6607455703379532,0.32331190807134846,0.03816336,0.060612243,0.035705525,0.021633288,0.14877799,0.3963934,0.18889432584536203
2015-01-25 03:30:00,1,0.014909267,0.5056959482883485,0.30440370297604025,0.07052733,0.058654565,0.03518152,0.023975942,0.15796332,0.38394493,0.17280628047577093
2015-01-25 04:00:00,1,0.015239835,0.41847317730281297,0.29443444189133355,0.15820879,0.059888553,0.035969608,0.019696997,0.15547672,0.37445128,0.17020437756522458
2015-01-25 04:30:00,1,0.015974998,0.5914587357353831,0.29320597459578046,0.36735797,0.058780756,0.03642819,0.020865764,0.14724655,0.3692919,0.21117898280622802
2015-01-25 05:00:00,1,0.016042113,0.5639849403047776,0.29321006965862084,0.45619708,0.057738878,0.035413526,0.023249278,0.14073725,0.36766565,0.21713764298311927
2015-01-25 05:30:00,1,0.015526891,0.5792773470362746,0.29305120184303457,0.48543847,0.055941246,0.032990042,0.021778792,0.13920847,0.36707658,0.2211432253321987
2015-01-25 06:00:00,1,0.015372038,0.6062865892592662,0.29365550717298955,0.49645764,0.054602627,0.031414438,0.019012673,0.14194606,0.37151337,0.22558454859976493
2015-01-25 06:30:00,1,0.01538229,0.49480348472178015,0.2931813968535176,0.45799786,0.05534881,0.031178694,0.01983081,0.14275658,0.37499353,0.209497050902401
2015-01-25 07:00:00,1,0.015561938,0.3279327110945811,0.29235868694454137,0.44432044,0.056021634,0.031355396,0.020761803,0.14275318,0.38050252,0.1901742572939683
2015-01-25 07:30:00,1,0.015465379,0.40075352922148433,0.29170722578754454,0.40123004,0.05667638,0.032000005,0.024645224,0.14382827,0.38797608,0.19492023708627992
2015-01-25 08:00:00,1,0.015204191,0.4003673252766973,0.29340066684599875,0.38665217,0.056141417,0.03341163,0.026059007,0.1457718,0.3995432,0.19517237851340752
2015-01-25 08:30:00,1,0.013077974,0.4510615852828792,0.2928476492320305,0.28632233,0.056268238,0.034201905,0.024876274,0.1495701,0.40825713,0.19072035227783055
2015-01-25 09:00:00,1,0.01421535,0.4859067881398307,0.29204367644511514,0.21754918,0.056697547,0.034776803,0.022823852,0.15041779,0.41284302,0.18747488893828118
2015-01-25 09:30:00,1,0.014247417,0.4468954533897911,0.2899153743295561,0.10015466,0.05643754,0.033222973,0.025670243,0.14885218,0.41910037,0.17049958019810435
2015-01-25 10:00:00,1,0.014249563,0.5210203943121776,0.28575739777199005,0.03922784,0.056566853,0.032702282,0.018632459,0.14807938,0.4188805,0.17056851793030348
2015-01-25 10:30:00,1,0.013977647,0.6297174438319786,0.2838180540821508,0.10307764,0.05729274,0.03418907,0.032918274,0.14694332,0.4190592,0.1912214863444229
2015-01-25 11:00:00,1,0.013461828,0.5211279692201316,0.281270899217191,0.10573596,0.058474798,0.03508064,0.019072155,0.13884051,0.4196105,0.17696391776322354
2015-01-25 11:30:00,1,0.01246047,0.45720892501556953,0.27968098370421113,0.18475646,0.058378544,0.03449615,0.025249485,0.13193068,0.41808876,0.1780278288113544
2015-01-25 12:00:00,1,0.010565758,0.592947491612966,0.27875330098384676,0.21481252,0.06004302,0.035684254,0.028919615,0.12811622,0.41851637,0.19648428251192257
2015-01-25 12:30:00,1,0.006597638,0.4703274940114337,0.2765569773703347,0.23449261,0.06128334,0.036612295,0.02766503,0.12685034,0.41964462,0.18444781653363007
2015-01-25 13:00:00,1,0.007352948,0.43807314767385286,0.2753484293148027,0.2279326,0.061685678,0.03694636,0.026139405,0.12479533,0.41555706,0.17931455098058982
2015-01-25 13:30:00,1,0.0055963993,0.46969920595537396,0.277849194335698,0.23702231,0.063345425,0.038014762,0.024278896,0.12263377,0.41787088,0.1840345380265698
2015-01-25 14:00:00,1,0.0074459314,0.6831440975162586,0.2801849710424094,0.2313198,0.06515402,0.039095487,0.021172265,0.12002145,0.41807008,0.2072897889947731
2015-01-25 14:30:00,1,0.012277126,0.4826273370076173,0.28363153354456083,0.20332175,0.06576235,0.039572645,0.018890472,0.116324484,0.41927308,0.18240897557417504
2015-01-25 15:00:00,1,0.012544155,0.5269433197283888,0.2802695200961425,0.16173202,0.06549979,0.039672002,0.018597644,0.114130504,0.4186909,0.18200887149711162
2015-01-25 15:30:00,1,0.014592886,0.5282554580828958,0.2761409786440465,0.17026436,0.065641984,0.038939442,0.018326664,0.115973115,0.41792458,0.1828954972316705
2015-01-25 16:00:00,1,0.018529654,0.48736860565581885,0.2757967392653364,0.15036988,0.06561041,0.038101036,0.01702966,0.11985718,0.41608644,0.17652773313526793
2015-01-25 16:30:00,1,0.019117236,0.6005166303067728,0.2751515054026409,0.15169905,0.06536519,0.038905688,0.017305661,0.12320069,0.41487437,0.18957066962860786
2015-01-25 17:00:00,1,0.018330336,0.5658806572808537,0.2767307929018103,0.14989825,0.064707026,0.039772872,0.01962865,0.12709406,0.40708223,0.1854583187900503
2015-01-25 17:30:00,1,0.016776085,0.3190999125996399,0.2761129429305543,0.2018211,0.06353836,0.040743593,0.020925807,0.12820084,0.40520945,0.16360312194928103
2015-01-25 18:00:00,1,0.017513394,0.29783343255596506,0.2734245746845914,0.22788972,0.06108182,0.041419927,0.023945777,0.1275207,0.40194154,0.16361898604667438
2015-01-25 18:30:00,1,0.017608762,0.36534784980377744,0.2694919370615577,0.20816673,0.0573599,0.042753816,0.028212521,0.12359582,0.38003555,0.16584143194644774
2015-01-25 19:00:00,1,0.014990807,0.387587844994588,0.26831279096800154,0.14882635,0.05062811,0.042984977,0.027935836,0.11687163,0.33655408,0.154965825091347
2015-01-25 19:30:00,1,0.0121849775,0.27878048961187574,0.2771846451810982,0.079710215,0.05220663,0.048410423,0.025165876,0.11212738,0.31463027,0.13337787860725217
2015-01-25 20:00:00,1,0.011655688,0.20954867720544712,0.2814780755168954,0.022856623,0.059368216,0.051682215,0.026881274,0.11352541,0.30498368,0.12021998410225793
2015-01-25 20:30:00,1,0.011734962,0.41349439687031087,0.2832787762878384,0.009693688,0.06389365,0.04804259,0.028183263,0.1168526,0.30256808,0.14197133397280953
2015-01-25 21:00:00,1,0.010419369,0.4408116296892324,0.29996608370998196,0.035197496,0.07066255,0.044624094,0.032016844,0.11740333,0.29440278,0.14950046369224598
2015-01-25 21:30:00,1,0.010890484,0.3608353735878822,0.31421024055200086,0.01881886,0.07691081,0.04453785,0.022321166,0.11621649,0.28194833,0.1385210666608643
2015-01-25 22:00:00,1,0.016412497,0.29470631525855495,0.32974387081458456,0.085662566,0.08715026,0.052191537,0.032990683,0.11444405,0.2643075,0.14195658616217807
2015-01-25 22:30:00,1,0.015593648,0.2719435601981317,0.3520903267602179,0.16065271,0.0996037,0.064372085,0.03504848,0.11213144,0.24404551,0.15060905118995122
2015-01-25 23:00:00,1,0.024535298,0.2989316134498168,0.3607255990290238,0.18899375,0.10863437,0.074365065,0.08790666,0.110435635,0.22002433,0.16383914675789013
2015-01-25 23:30:00,1,0.027895212,0.31249415217000553,0.3763710222975821,0.2650558,0.11723177,0.08127612,0.054746374,0.10308833,0.20440486,0.17139596046289077
2015-01-26 00:00:00,1,0.027819514,0.3526536435992984,0.386378044870027,0.33052748,0.11373877,0.08858472,0.069029205,0.10522428,0.19170569,0.18507348344256203
2015-01-26 00:30:00,1,0.025789857,0.23429612571299963,0.3861253073136134,0.39535603,0.11004771,0.0872246,0.05371693,0.09744596,0.20771195,0.17752383040333472
2015-01-26 01:00:00,1,0.026892662,0.34068841693800067,0.3859833205844121,0.4407617,0.10526529,0.08000595,0.039243914,0.08660343,0.21770942,0.19146156610057635
2015-01-26 01:30:00,1,0.027261376,0.2293733200816117,0.38430052963543115,0.47870696,0.101441644,0.07227662,0.037537593,0.08018903,0.25064138,0.1846364938070666
2015-01-26 02:00:00,1,0.025880337,0.31766591039218994,0.3824173936291637,0.50361794,0.097344026,0.065743245,0.038483795,0.072948374,0.28734684,0.1990497625341675
2015-01-26 02:30:00,1,0.02679205,0.35105101906426484,0.3783539680953617,0.5307156,0.093695536,0.06197201,0.038155075,0.06649202,0.3327646,0.20888798449472773
2015-01-26 03:00:00,1,0.028298378,0.26368021791142127,0.37601777893627797,0.5310157,0.090994015,0.060442463,0.036782846,0.060999487,0.37463215,0.20254033658492016
2015-01-26 03:30:00,1,0.026511073,0.28853729217797763,0.37441117383265743,0.5342314,0.08983935,0.061173942,0.04703538,0.054856632,0.42592934,0.2113917336604932
2015-01-26 04:00:00,1,0.01856172,0.15429288936050511,0.3658381045372654,0.5237697,0.09141213,0.06388733,0.031282872,0.048411246,0.46635064,0.19597851217069612
2015-01-26 04:30:00,1,0.016443849,0.27460582929004573,0.36342277976183635,0.522955,0.09371287,0.06752559,0.029615847,0.047375605,0.49110058,0.21186199374988993
2015-01-26 05:00:00,1,0.01793027,0.3428509693810273,0.3647031055779987,0.4980012,0.095563166,0.070205554,0.02846545,0.05337275,0.4970435,0.21868177120730461
2015-01-26 05:30:00,1,0.019043803,0.47411949578081014,0.3671448641313665,0.41516474,0.09764436,0.070391625,0.032352902,0.064302444,0.4828491,0.22477925820051517
2015-01-26 06:00:00,1,0.02079618,0.5394268492472474,0.3745767624123476,0.32829788,0.0988484,0.06827582,0.02740268,0.074042685,0.46140733,0.2214527325835039
2015-01-26 06:30:00,1,0.023522735,0.496391063384209,0.37544997195867047,0.11983474,0.102342635,0.06395897,0.038365405,0.07488818,0.42946666,0.19158004095230582
2015-01-26 07:00:00,1,0.024140954,0.4277061483305218,0.3771339118821174,0.017918464,0.10526136,0.05987873,0.03551934,0.077277154,0.39462656,0.168829180122352
2015-01-26 07:30:00,1,0.026729226,0.3849855306306633,0.3793640455423354,0.14342397,0.11184865,0.058708463,0.043623697,0.08054334,0.3671711,0.17737755966824198
2015-01-26 08:00:00,1,0.027782083,0.2621753664016815,0.37292901518457955,0.18497084,0.11230321,0.057694346,0.035493232,0.0801713,0.34406155,0.16417566118915294
2015-01-26 08:30:00,1,0.026050448,0.27134888566636484,0.37346138071904356,0.19513245,0.11171198,0.05858265,0.032825306,0.07710723,0.33206958,0.1642544335336522
2015-01-26 09:00:00,1,0.024631262,0.30972079744956105,0.3713862260377577,0.12665945,0.106471315,0.05782641,0.028562654,0.07554537,0.32399386,0.15831081669968908
2015-01-26 09:30:00,1,0.027875662,0.377007511741283,0.3705628643067287,0.06663303,0.10399678,0.057232194,0.030448813,0.07679657,0.3179918,0.15872724676568453
2015-01-26 10:00:00,1,0.02974236,0.35828769876724387,0.36784976364886324,0.025164513,0.106200434,0.05842601,0.04167274,0.07890708,0.32132483,0.1541750473869967
2015-01-26 10:30:00,1,0.03423679,0.34185222468632936,0.36689538568521696,0.02001939,0.10822641,0.057921246,0.030291907,0.07892796,0.31880492,0.15079735880883055
2015-01-26 11:00:00,1,0.03600073,0.5782709137156932,0.3673566694724292,0.03416847,0.11195699,0.059850674,0.031119272,0.07843221,0.31949884,0.17962830741342634
2015-01-26 11:30:00,1,0.038194895,0.5812164731496203,0.3695534018557032,0.011915824,0.1121656,0.06027846,0.03036531,0.078390345,0.3186418,0.1778580135347599
2015-01-26 12:00:00,1,0.039010048,0.42539161440986817,0.3667191138525593,0.0049773254,0.110483065,0.06071523,0.030765558,0.07647674,0.31437194,0.15876784824191562
2015-01-26 12:30:00,1,0.040884495,0.5619049125439162,0.36181209800842784,0.0024047652,0.108085915,0.061659127,0.03221284,0.07355322,0.30646604,0.17210926827149892
2015-01-26 13:00:00,1,0.047550082,0.4380970646705684,0.35757243378546233,0.0012899888,0.10625766,0.06408681,0.03179217,0.07276063,0.30501977,0.15826962282346602
2015-01-26 13:30:00,1,0.050522566,0.30607798577492673,0.3524764926591054,0.016082212,0.10322423,0.06563175,0.031688664,0.07125539,0.295574,0.14361481149961616
2015-01-26 14:00:00,1,0.05619037,0.3609915627920639,0.3572634922280872,0.01959063,0.10217215,0.06887459,0.035610385,0.066847056,0.29183787,0.15104201217436103
2015-01-26 14:30:00,1,0.09033799,0.396371869884657,0.40557856085383703,0.12605175,0.11094905,0.082879506,0.061213568,0.06270736,0.2909685,0.1807842401848419
2015-01-26 15:00:00,1,0.15618217,0.5291328692504695,0.4782895097071669,0.20207095,0.13082738,0.10802338,0.07033525,0.059332494,0.29579535,0.2255543729828869
2015-01-26 15:30:00,1,0.27275825,0.48764121227170065,0.5666496233612905,0.2868797,0.16551618,0.14298956,0.08657082,0.058729872,0.30797982,0.26396833659036417
2015-01-26 16:00:00,1,0.41200614,0.5353146973681415,0.6484037304188536,0.3479351,0.21619952,0.18150291,0.17277926,0.06589672,0.3253061,0.32281601923149705
2015-01-26 16:30:00,1,0.58517253,0.6714745416732004,0.7470971680285429,0.37953475,0.2798489,0.22451663,0.3091903,0.07773714,0.35361728,0.40313213888244787
2015-01-26 17:00:00,1,0.7979021,0.540220233763252,0.8853683421286683,0.39501297,0.35561338,0.28766406,0.48393804,0.096856914,0.37580338,0.4687088253754453
2015-01-26 17:30:00,1,1.0299051,0.5367551349061479,1.0340914865284154,0.3896964,0.43779626,0.3831596,0.65976226,0.118257016,0.40534696,0.5549744670303524
2015-01-26 18:00:00,1,1.2619119,0.49092682463289883,1.1880189181370957,0.36662906,0.52158666,0.49648875,0.78207064,0.13978502,0.41852018,0.6295486581241597
2015-01-26 18:30:00,1,1.5050604,0.4928228730932034,1.347372190165681,0.37670493,0.6165975,0.6244457,0.9027243,0.17054322,0.44361445,0.7199872868486773
2015-01-26 19:00:00,1,1.7466555,0.5382368658754668,1.5090966950745632,0.41344967,0.72845256,0.7681594,1.026959,0.22095889,0.4663274,0.8242550980787
2015-01-26 19:30:00,1,1.9635451,0.3509105759225868,1.6581042769416316,0.42747015,0.8441823,0.9115655,1.1687143,0.28223398,0.49596262,0.9002987519483514
2015-01-26 20:00:00,1,2.0745242,0.19919147771136636,1.79660780166662,0.44998005,0.9605659,1.0537407,1.3284642,0.3542604,0.5327967,0.9722368227294341
2015-01-26 20:30:00,1,2.1470876,0.3143826957004414,1.9138728279965762,0.47111794,1.074114,1.1964049,1.5027056,0.43185332,0.5687841,1.0689247729000646
2015-01-26 21:00:00,1,2.1730993,0.32042281908437964,2.0216411237214063,0.47887847,1.1737685,1.3336697,1.6248188,0.5108319,0.6081247,1.1383616934502412
2015-01-26 21:30:00,1,2.2245147,0.40153675557308866,2.1159102362888267,0.5042611,1.2644281,1.4719672,1.7328297,0.60390395,0.6489404,1.2186991304226558
2015-01-26 22:00:00,1,2.2514284,0.6118696213125467,2.1843541443929726,0.53976244,1.3374637,1.6004542,1.833428,0.7117649,0.696912,1.3074930449431135
2015-01-26 22:30:00,1,2.30422,0.7746029556838163,2.2332794215732577,0.57907975,1.387128,1.7040466,1.9352388,0.83114713,0.7433662,1.3880120936091438
2015-01-26 23:00:00,1,2.2907789,0.7441414278691063,2.266557448910192,0.60347617,1.413712,1.7722703,2.0086694,0.94520974,0.7979244,1.4269710869701946
2015-01-26 23:30:00,1,2.3022037,0.6656610300743306,2.284396249703888,0.6081068,1.4152865,1.8073412,2.03705,1.0289297,0.8447775,1.443750303289702
2015-01-27 00:00:00,1,2.3163905,0.6990901656997295,2.293595999870438,0.61153686,1.4293786,1.8301945,2.141074,1.0593847,0.88401616,1.4738512716027263
2015-01-27 00:30:00,1,2.3268602,0.666979966780417,2.2973766708899026,0.6127803,1.4351869,1.8379811,2.1094203,1.0762926,0.9184662,1.4757049124189794
2015-01-27 01:00:00,1,2.335024,0.6355324868651202,2.298637036957329,0.61449534,1.4383798,1.8385322,2.1567159,1.0930902,0.9476335,1.484226722729116
2015-01-27 01:30:00,1,2.3414373,0.814307442081109,2.2979436014062187,0.6145382,1.4441043,1.8381749,2.1626096,1.1116344,0.9692569,1.5104451841964477
2015-01-27 02:00:00,1,2.346819,0.8878460109803115,2.2979577426304156,0.61509556,1.4563972,1.8414661,2.1701448,1.1208451,0.9886368,1.5250231273170176
2015-01-27 02:30:00,1,2.3532019,0.9614375721362833,2.2989645830627876,0.6148383,1.4748815,1.8489764,2.1805649,1.1174111,1.0026046,1.539208983081184
2015-01-27 03:00:00,1,2.413127,1.0141268201628542,2.301909537193103,0.6158673,1.4994056,1.8612839,2.191404,1.1129576,1.0175853,1.5586296798865933
2015-01-27 03:30:00,1,2.4238052,1.0301159298976899,2.3106311666773816,0.6157387,1.5268719,1.8770787,2.1960611,1.1083086,1.0318757,1.5689430014332986
2015-01-27 04:00:00,1,2.4423666,1.045414120323489,2.3254448355456545,0.61582446,1.5557655,1.8967904,2.2045536,1.1077473,1.047667,1.582397095416328
2015-01-27 04:30:00,1,2.4550164,1.074588900678954,2.344887339545923,0.61535287,1.5851408,1.9214642,2.2159429,1.1145473,1.0638312,1.598974648377105
2015-01-27 05:00:00,1,2.4930406,1.1596810853427293,2.3738227295059877,0.6153099,1.6170232,1.9541036,2.233328,1.1240541,1.0843347,1.6282997776305739
2015-01-27 05:30:00,1,2.5837739,1.1480335642417927,2.4156125806436224,0.6146239,1.65611,2.000217,2.2619522,1.1288052,1.116807,1.6584372462187202
2015-01-27 06:00:00,1,2.6662633,1.1108539334710787,2.4672880607822365,0.61325186,1.708584,2.0644562,2.2925293,1.1283213,1.1597987,1.6901496391578423
2015-01-27 06:30:00,1,2.7378945,1.2017228890767502,2.533072682215285,0.61162263,1.7712698,2.1471047,2.3420017,1.135706,1.218215,1.7442899877191245
2015-01-27 07:00:00,1,2.8507252,1.2755198156689076,2.5999008965331756,0.6069491,1.8556075,2.2523196,2.402773,1.1624563,1.2795238,1.809530565337924
2015-01-27 07:30:00,1,2.9187343,1.287234168135841,2.6644968891507124,0.6019755,1.9456285,2.3719695,2.4705477,1.2043605,1.3383809,1.8670364387962874
2015-01-27 08:00:00,1,3.0435593,1.2414405313380747,2.7323780354535923,0.591771,2.0507607,2.5112944,2.5492582,1.2629458,1.3939319,1.930815540683761
2015-01-27 08:30:00,1,2.9630249,1.2585593215069757,2.798913496969724,0.5712334,2.1616771,2.6606593,2.6227248,1.3259144,1.4465705,1.9788085744759267
2015-01-27 09:00:00,1,3.0276625,1.155377364829567,2.866615373795025,0.5480804,2.2810485,2.8135314,2.6971433,1.393917,1.495176,2.030950201394401
2015-01-27 09:30:00,1,3.0590966,1.0702781159563148,2.9317862955588145,0.51823866,2.396431,2.9544072,2.7730505,1.4613148,1.5419037,2.0785007680648047
2015-01-27 10:00:00,1,3.1649482,1.0571193378467765,2.9918600719826243,0.4899405,2.5047424,3.073441,2.85279,1.5300463,1.5819001,2.1385320136166968
2015-01-27 10:30:00,1,3.243573,1.2069164432639958,3.0447854006531685,0.46425775,2.6009943,3.1703353,2.9327433,1.6011716,1.6177351,2.2091680281890533
2015-01-27 11:00:00,1,3.2539136,1.3486056363011496,3.0951291899248146,0.4500229,2.6884332,3.2475693,3.0078108,1.6778396,1.6518931,2.2690241636588535
2015-01-27 11:30:00,1,3.3128145,1.2971463733002366,3.1398870483342938,0.42176762,2.7630782,3.3064342,3.0655875,1.7510635,1.685615,2.3048215350441246
2015-01-27 12:00:00,1,3.3790424,1.3410339934637108,3.1804947520508406,0.40513173,2.8277123,3.3552403,3.1349728,1.8228837,1.7136846,2.351132955244559
2015-01-27 12:30:00,1,3.4408572,1.3522685522387494,3.220346106499043,0.39509875,2.8831546,3.399941,3.2178402,1.8943624,1.7405963,2.393829457060564
2015-01-27 13:00:00,1,3.5017784,1.232271364568259,3.2611538790770913,0.39012516,2.929871,3.445203,3.3130276,1.9711816,1.7665135,2.4234584032991906
2015-01-27 13:30:00,1,3.5694406,1.2374703511256655,3.3011875963956663,0.37679067,2.966023,3.4908688,3.4193008,2.0496323,1.7924328,2.4670163209947082
2015-01-27 14:00:00,1,3.6431153,1.1544027224705182,3.3398311135321572,0.36868712,2.9926546,3.5352485,3.5647688,2.125632,1.8168591,2.5045776984501247
2015-01-27 14:30:00,1,3.6276042,1.1209724654011932,3.3682190024287344,0.33455783,3.002924,3.563834,3.6391351,2.1870887,1.8328842,2.51969105615311
2015-01-27 15:00:00,1,3.644008,1.1326286452157586,3.3847109989221016,0.3157781,3.0004115,3.578043,3.6625547,2.2383916,1.8425354,2.533229102393415
2015-01-27 15:30:00,1,3.6448853,1.1272849108179592,3.3873315739919603,0.29892784,2.983703,3.5719087,3.6157694,2.2716103,1.842961,2.5271535378218806
2015-01-27 16:00:00,1,3.640104,0.9964365724350888,3.377988202017161,0.27483153,2.9546745,3.5406227,3.538324,2.277777,1.8356552,2.492934871493026
2015-01-27 16:30:00,1,3.6374524,0.9817321384000444,3.3599265296379466,0.24061647,2.9176326,3.483188,3.4312468,2.256235,1.820507,2.458726298623255
2015-01-27 17:00:00,1,3.5916145,1.0211850602348616,3.33601799134925,0.19705443,2.8754063,3.408685,3.2739935,2.2102387,1.8007185,2.412768214956163
2015-01-27 17:30:00,1,3.5726864,0.931872487528361,3.3092969403331054,0.15044822,2.8327715,3.3277876,3.1359377,2.1427395,1.7774055,2.353438442507242
2015-01-27 18:00:00,1,3.5378964,0.9384128246646863,3.2782619615713,0.07224237,2.7916658,3.2485397,3.0290275,2.0629346,1.7553337,2.301590532497796
2015-01-27 18:30:00,1,3.5140908,0.8835711003392692,3.247766706199674,0.07850227,2.7512915,3.1770883,2.9147463,1.9728639,1.7316788,2.2523999628045166
2015-01-27 19:00:00,1,3.469045,0.9344799824503589,3.213725862930414,0.1031131,2.7091265,3.1067808,2.766175,1.8694897,1.7019851,2.208213436804982
2015-01-27 19:30:00,1,3.4270346,0.8936287865506305,3.182257868099348,0.15259202,2.6773274,3.0491614,2.6236668,1.7708472,1.6739722,2.1611653701900115
2015-01-27 20:00:00,1,3.4132392,0.8242067126008852,3.14685646229705,0.16948518,2.6489148,2.9927158,2.4891944,1.6645057,1.6440367,2.1103505567372403
2015-01-27 20:30:00,1,3.2980535,0.951950563060576,3.1091274109919538,0.18179059,2.6219726,2.9363425,2.3782573,1.5588963,1.6121413,2.0720591039361005
2015-01-27 21:00:00,1,3.2496893,1.0284687649102402,3.0689271807584615,0.1631824,2.592436,2.8782387,2.2711363,1.4539132,1.5770276,2.0314466096825603
2015-01-27 21:30:00,1,3.1883519,1.1212071597647402,3.0224091523888497,0.14144425,2.554393,2.8141167,2.1826725,1.3400848,1.5375867,1.989140686989653
2015-01-27 22:00:00,1,3.1244762,1.1550274300373875,2.9719404195092483,0.16348253,2.5151942,2.7543187,2.12268,1.2212132,1.4919527,1.9466983661843633
2015-01-27 22:30:00,1,3.1224701,1.0476187189302273,2.9196061350883635,0.22513825,2.482,2.707302,2.09529,1.1049255,1.4451783,1.905503241859796
2015-01-27 23:00:00,1,2.995978,1.0353533111620763,2.8654170523487625,0.24318904,2.447288,2.6596286,1.9392241,0.98706657,1.3950659,1.8409123086599497
2015-01-27 23:30:00,1,2.9353049,1.0579444322933664,2.8199561688705144,0.32105187,2.4226804,2.6233244,1.8193498,0.88197905,1.3519553,1.8037273586608056
2015-01-28 00:00:00,1,2.8929327,1.0676750772167996,2.7823180927744184,0.3803065,2.4074767,2.5884752,1.8088487,0.83881587,1.3126824,1.7866145803628193
2015-01-28 00:30:00,1,2.8641567,1.0085719414798682,2.7503097558746146,0.4446634,2.3954616,2.5593662,1.7491578,0.8158172,1.2803463,1.7630945388142452
2015-01-28 01:00:00,1,2.8403652,1.0138850420755219,2.724156239322904,0.48591015,2.3819907,2.539331,1.7173295,0.8142609,1.2608297,1.7531175911091312
2015-01-28 01:30:00,1,2.7638907,1.0911311475969026,2.702400231044034,0.51197875,2.3680701,2.528681,1.6995757,0.82191193,1.2423307,1.7477744774171828
2015-01-28 02:00:00,1,2.7507205,1.0754612850538,2.6820386947753914,0.53024393,2.3560543,2.5246315,1.6864086,0.82884884,1.2277924,1.740244453361233
2015-01-28 02:30:00,1,2.7420714,1.1105489668156352,2.666420272406784,0.5449933,2.3485749,2.5246773,1.6797627,0.83167344,1.2140418,1.7403071175137506
2015-01-28 03:00:00,1,2.6757493,1.194372480740011,2.6543117902664806,0.5604715,2.3473122,2.5266263,1.6795632,0.82819015,1.1978389,1.7404928692875865
2015-01-28 03:30:00,1,2.6718717,1.1461018327451882,2.6448134835040746,0.5613719,2.3518043,2.5281825,1.6867535,0.8272952,1.1879871,1.734020160956
2015-01-28 04:00:00,1,2.6696887,1.1797766714779918,2.6367576405315134,0.55588377,2.3589606,2.5284996,1.6931076,0.82970846,1.1783493,1.7367480365699852
2015-01-28 04:30:00,1,2.669767,1.1502731503995154,2.630943328898568,0.5581991,2.363621,2.5274923,1.70062,0.83211476,1.1684678,1.733499815834519
2015-01-28 05:00:00,1,2.6724012,1.16409528619009,2.629626780925843,0.53530335,2.3607383,2.5210872,1.7025503,0.8282177,1.1471479,1.729018658823242
2015-01-28 05:30:00,1,2.7253337,1.2883675462608046,2.630719013729746,0.45696884,2.346387,2.4998596,1.685578,0.82021224,1.1223854,1.7306456879752108
2015-01-28 06:00:00,1,2.7108526,1.070592491360026,2.6298067869255153,0.35813966,2.3160446,2.4574115,1.6539212,0.8126751,1.0862917,1.6773039664032767
2015-01-28 06:30:00,1,2.6954505,1.0487130866104142,2.6282087991303897,0.135656,2.2694232,2.3812463,1.6238433,0.8063467,1.0272177,1.6240117529511504
2015-01-28 07:00:00,1,2.7249048,1.20648214235079,2.6037056223642163,0.013244981,2.1983628,2.2861705,1.5878887,0.8004859,0.97164166,1.5992096797322621
2015-01-28 07:30:00,1,2.688918,1.0246090773917356,2.5512233853851725,0.13720696,2.1062374,2.1739006,1.5514926,0.7937978,0.90380156,1.547909719134835
2015-01-28 08:00:00,1,2.6950157,1.0182587081859023,2.4858467088093192,0.18754339,1.9947988,2.058,1.5097666,0.7824906,0.85274655,1.5093852312544909
2015-01-28 08:30:00,1,2.6186378,0.9128899552193204,2.416755987002587,0.17257966,1.8743335,1.9472957,1.4583259,0.76151973,0.7994913,1.4402032721451947
2015-01-28 09:00:00,1,2.5950806,0.8195337788784833,2.3497178049662573,0.13111855,1.7546546,1.8438967,1.3895801,0.7346304,0.7518274,1.3744488996300785
2015-01-28 09:30:00,1,2.5308325,0.8898655042337467,2.2758691209740833,0.069677226,1.6443279,1.7502638,1.3248328,0.7035398,0.70146036,1.3211854463205788
2015-01-28 10:00:00,1,2.5013049,0.9233910316487606,2.209701861582976,0.020233769,1.5482429,1.6680254,1.2506285,0.66433144,0.6639577,1.2722019389623656
2015-01-28 10:30:00,1,2.4293797,0.9472640111244228,2.149796247883574,0.010029278,1.4649733,1.5871657,1.1605089,0.6207921,0.62687415,1.2218648214457306
2015-01-28 11:00:00,1,2.3682654,0.9297871834871376,2.093347986734994,0.043343943,1.3897518,1.5094424,1.0772264,0.57310915,0.59308684,1.1752623480923539
2015-01-28 11:30:00,1,2.293302,0.8664280528391437,2.039817163251313,0.009257508,1.3245907,1.4341533,0.9881105,0.52492845,0.5604468,1.1156705019081055
2015-01-28 12:00:00,1,2.2227578,0.7596337002118005,1.985988917415801,0.012730468,1.2643747,1.3621285,0.9014676,0.48179647,0.5297251,1.0578448111674765
2015-01-28 12:30:00,1,2.1711223,0.6521454416077344,1.9336902364729203,0.020791156,1.2074604,1.2928833,0.8160223,0.4420633,0.50852555,1.0049671062523498
2015-01-28 13:00:00,1,2.109657,0.6455189606794391,1.8804290242668174,0.033396706,1.152687,1.2266704,0.7307679,0.40797353,0.47039393,0.9619438263986382
2015-01-28 13:30:00,1,2.0352368,0.5872559804521948,1.8248262168294636,0.0119587,1.1027362,1.1633817,0.64455,0.3783797,0.45088047,0.9110228731966615
2015-01-28 14:00:00,1,1.9585915,0.5917406188945904,1.7669099051135086,0.014024164,1.055529,1.1022453,0.5638143,0.3451249,0.429563,0.8697269607363282
2015-01-28 14:30:00,1,1.8897166,0.4100870708174238,1.7130040593102165,0.042879723,1.0161667,1.0507898,0.50600994,0.3145248,0.40807006,0.8168054213314291
2015-01-28 15:00:00,1,1.8359451,0.3643314721831299,1.6681346767253267,0.07923858,0.9806805,1.0055038,0.45369652,0.28852174,0.38766113,0.7848570601339164
2015-01-28 15:30:00,1,1.7983997,0.29083615987990363,1.635133935226185,0.03151758,0.93900746,0.96841764,0.4110586,0.27175823,0.36945137,0.7461756305239955
2015-01-28 16:00:00,1,1.7707059,0.1352088939770706,1.6106954103693867,0.013502234,0.89487886,0.93600714,0.36912704,0.26087287,0.35746336,0.7053846387066791
2015-01-28 16:30:00,1,1.7441597,0.3131722812012878,1.5875956322612135,0.024435617,0.8532028,0.9056436,0.34244633,0.25764763,0.3473592,0.7084069780179507
2015-01-28 17:00:00,1,1.704767,0.23092210473955355,1.5556623027714207,0.06813369,0.8190913,0.8723855,0.33971617,0.26385736,0.33844084,0.6881084748906799
2015-01-28 17:30:00,1,1.6457648,0.34354597799480224,1.5083785123811086,0.17365156,0.7884648,0.834104,0.31928912,0.26856038,0.33544722,0.6908007094643287
2015-01-28 18:00:00,1,1.5828428,0.4779733240579631,1.4565395096072762,0.29576242,0.76482415,0.7971609,0.3155993,0.28055695,0.34310693,0.7015962578533345
2015-01-28 18:30:00,1,1.4968343,0.3329569844651985,1.3906821197913817,0.33829546,0.7245997,0.75250703,0.31220853,0.28987056,0.35528234,0.665915224672418
2015-01-28 19:00:00,1,1.3901296,0.42214460698550305,1.3150538363862458,0.36076248,0.6671699,0.69857645,0.3063108,0.29877064,0.3648571,0.6470861568670246
2015-01-28 19:30:00,1,1.2603037,0.3740607796888238,1.2344995901061209,0.334308,0.58870727,0.6315968,0.28852585,0.29000863,0.373618,0.597292074051762
2015-01-28 20:00:00,1,1.1246259,0.31937761625854577,1.1512458872399147,0.2908317,0.5044736,0.56059885,0.2660101,0.270952,0.3748203,0.5403262222665577
2015-01-28 20:30:00,1,0.9833176,0.3148157351226626,1.0577959566406423,0.24645503,0.42319378,0.48716384,0.23499602,0.24629514,0.37505922,0.48545470394583806
2015-01-28 21:00:00,1,0.8425901,0.3809341244773048,0.966294480509507,0.25966084,0.3556836,0.41697407,0.19928731,0.22551373,0.3763431,0.44703125991584475
2015-01-28 21:30:00,1,0.72091246,0.5217830088573656,0.8896724667652646,0.2545586,0.3030263,0.35328305,0.17653902,0.20694643,0.3796355,0.4229285361959113
2015-01-28 22:00:00,1,0.60407555,0.637720153631296,0.8123509264321979,0.24383959,0.2583865,0.29147065,0.14432754,0.18955648,0.37651384,0.39536013520809365
2015-01-28 22:30:00,1,0.4781263,0.7128933891894924,0.722529309892111,0.20079209,0.21717931,0.23410513,0.13032489,0.16842349,0.3674755,0.35909437751634293
2015-01-28 23:00:00,1,0.40201008,0.7037090725381194,0.659637430538164,0.047553204,0.19296291,0.20399164,0.17766753,0.15451916,0.3558558,0.32198964648747097
2015-01-28 23:30:00,1,0.34838617,0.6791371431783961,0.6143067126095154,0.07875953,0.17872457,0.18666591,0.11064316,0.1280814,0.34118044,0.29620944842647606
2015-01-29 00:00:00,1,0.31282616,0.5613544424999368,0.5825745457165331,0.18170482,0.15528403,0.17162663,0.13408157,0.11638323,0.3182026,0.2815597825511904
2015-01-29 00:30:00,1,0.28929853,0.580962975875698,0.5608189204291525,0.29172468,0.14140232,0.15956798,0.09552637,0.10858508,0.29890394,0.28075453390145355
2015-01-29 01:00:00,1,0.27616334,0.5503144207696256,0.5490184555109969,0.37529004,0.13366987,0.15294933,0.07524876,0.10561409,0.281428,0.27774403490133603
2015-01-29 01:30:00,1,0.26884627,0.6472437691267476,0.5430681008821455,0.43004268,0.12944016,0.15056212,0.075171,0.10211184,0.26991987,0.2907117578751718
2015-01-29 02:00:00,1,0.2644999,0.6054493053645924,0.5392846053004522,0.46168518,0.1267308,0.15018354,0.06843553,0.09929348,0.25626734,0.28575885350010233
2015-01-29 02:30:00,1,0.2623688,0.6178555844997007,0.5375407750829656,0.49521422,0.12517615,0.15072103,0.061167046,0.10020349,0.24932644,0.2888415036289696
2015-01-29 03:00:00,1,0.26038122,0.4486841783864133,0.5355762791636304,0.5142083,0.12441389,0.15091799,0.05998772,0.09977327,0.24300742,0.27077225502382324
2015-01-29 03:30:00,1,0.2592051,0.48269157344727454,0.5343843801900238,0.5252703,0.12481375,0.1509083,0.0573246,0.0986024,0.2358292,0.2743366221592091
2015-01-29 04:00:00,1,0.25851035,0.5991444324343451,0.5338100807701615,0.5248844,0.12623437,0.15105656,0.05637688,0.096658945,0.23186302,0.2865043375141545
2015-01-29 04:30:00,1,0.2577287,0.7247836953196671,0.5333453758378245,0.5318304,0.12730546,0.15236583,0.06214034,0.096215524,0.21939789,0.30056813190505643
2015-01-29 05:00:00,1,0.2569878,0.7290417172683625,0.5327274779926323,0.5159234,0.12697996,0.15450606,0.061339427,0.08843781,0.22629564,0.2991376975744293
2015-01-29 05:30:00,1,0.25561452,0.6008175414205255,0.5310891913911564,0.43158624,0.12566015,0.15541957,0.0595575,0.077264115,0.2152452,0.27247267008315107
2015-01-29 06:00:00,1,0.25358498,0.591748818885133,0.5267108105970849,0.33430058,0.1266506,0.15579562,0.06681098,0.07475204,0.21519005,0.26061605358192086
2015-01-29 06:30:00,1,0.25364006,0.5390689544303164,0.5241400649294676,0.1061573,0.1268037,0.15318322,0.070240945,0.08129487,0.22312188,0.2308501104245403
2015-01-29 07:00:00,1,0.2519436,0.6301214699301507,0.5224297391020181,0.028216125,0.13086145,0.15242921,0.07177626,0.087819956,0.22419588,0.23331040883225762
2015-01-29 07:30:00,1,0.25222623,0.6126931962977231,0.5279149910766021,0.18501371,0.13364232,0.15107583,0.06483629,0.092078105,0.21824968,0.24863670555053505
2015-01-29 08:00:00,1,0.25088096,0.6478418549069396,0.5306559727783201,0.22887586,0.13689138,0.15174861,0.065168105,0.09203439,0.22785565,0.2591058652308675
2015-01-29 08:30:00,1,0.24830914,0.5354141749763368,0.5310754883976051,0.22351636,0.13933899,0.15428141,0.066381454,0.08496456,0.22544713,0.2454142997277572
2015-01-29 09:00:00,1,0.24568772,0.5580215998947349,0.5302368953896808,0.17433758,0.13965528,0.1571955,0.081818886,0.07617722,0.2320722,0.2439114308305689
2015-01-29 09:30:00,1,0.24169719,0.6735375793611933,0.528169540477366,0.12974653,0.13752215,0.1575423,0.07677694,0.075239144,0.239563,0.25108826354655556
2015-01-29 10:00:00,1,0.23009479,0.6611539264667634,0.5208391386234912,0.08013898,0.13166177,0.15112843,0.08496725,0.08087967,0.23606178,0.24188063766241907
2015-01-29 10:30:00,1,0.22256768,0.7694187405883479,0.5166906926618162,0.065732636,0.12788332,0.144898,0.0758573,0.08536133,0.23445205,0.24920686010702178
2015-01-29 11:00:00,1,0.2136091,0.8306962704503853,0.5086442477111687,0.013638281,0.123989515,0.13762766,0.07182889,0.08856525,0.2285064,0.24634506842410112
2015-01-29 11:30:00,1,0.19924664,0.8333564745134723,0.49648822306972473,0.07850969,0.12185658,0.13062488,0.06458004,0.09142948,0.22847176,0.24939597307183992
2015-01-29 12:00:00,1,0.18435347,0.8070502471812429,0.4816806157782818,0.1002907,0.11806205,0.12357668,0.063288756,0.09275385,0.23304352,0.24489998770249116
2015-01-29 12:30:00,1,0.17098391,0.7537550115904228,0.4674777152213351,0.070363246,0.11227219,0.11772534,0.0683318,0.09492894,0.23134816,0.23190959042303996
2015-01-29 13:00:00,1,0.15589356,0.5215697979105283,0.45056522353429895,0.058014955,0.10631472,0.11197878,0.06038457,0.099070914,0.22908604,0.19920872928993238
2015-01-29 13:30:00,1,0.14148414,0.44611039654353846,0.43325267882430063,0.088328294,0.10350327,0.10670707,0.052527394,0.106717475,0.2348421,0.19038586944587044
2015-01-29 14:00:00,1,0.12904632,0.17360834764770416,0.42118958854062505,0.12082831,0.10365257,0.10234867,0.047616865,0.114181206,0.23840663,0.16120872242110185
2015-01-29 14:30:00,1,0.120144725,0.1758925323064986,0.415354698480385,0.13716407,0.105974555,0.09991073,0.044013243,0.11748932,0.23974532,0.16174324395135636
2015-01-29 15:00:00,1,0.11883998,0.10243374557174079,0.4201846262395913,0.16344707,0.111839905,0.10020232,0.043979548,0.114064366,0.24155734,0.15739432264994932
2015-01-29 15:30:00,1,0.11858547,0.18290253847216853,0.42138307289460986,0.09055785,0.10969569,0.101832196,0.046976525,0.11062623,0.24267815,0.15835974640377692
2015-01-29 16:00:00,1,0.11835396,0.19880842222690553,0.4217014529826142,0.017239865,0.10182424,0.102143034,0.052104585,0.11099279,0.24279734,0.15177396614699334
2015-01-29 16:30:00,1,0.11691737,0.3243353341119892,0.4214717206937937,0.024521373,0.094000295,0.0996015,0.04843595,0.11506352,0.24528314,0.16551446701288527
2015-01-29 17:00:00,1,0.11542821,0.3333529995167339,0.419534884861683,0.068562455,0.0931676,0.09757342,0.04966829,0.11398843,0.24367759,0.1705504310462192
2015-01-29 17:30:00,1,0.11022806,0.3561606858735509,0.4125186023155013,0.21489829,0.09659424,0.09520179,0.04926336,0.11063477,0.24759823,0.1881220027153623
2015-01-29 18:00:00,1,0.107467055,0.4889687915662897,0.4100382500044297,0.31201246,0.09853805,0.09445887,0.042487543,0.104282744,0.24648468,0.21163760545818633
2015-01-29 18:30:00,1,0.10386956,0.36942581728109936,0.40682197586527946,0.37431127,0.09705213,0.09488271,0.04249343,0.10219478,0.25325906,0.20492341424120875
2015-01-29 19:00:00,1,0.10094476,0.5373482350289969,0.41222260513392095,0.3898324,0.09117288,0.09699982,0.044000693,0.104518496,0.2572931,0.22603699957473244
2015-01-29 19:30:00,1,0.09728801,0.6634775934087607,0.40838850680178795,0.3846444,0.083273456,0.098940395,0.042230144,0.108116955,0.26127017,0.23862551292651243
2015-01-29 20:00:00,1,0.09317684,0.6156410075277172,0.4051934003076073,0.37838453,0.074334964,0.09816342,0.04257437,0.11497124,0.2689422,0.23237577567819312
2015-01-29 20:30:00,1,0.080895424,0.5142008404305347,0.3954229007576858,0.3750831,0.06462167,0.09307755,0.041173477,0.11751529,0.2757906,0.2175312045358477
2015-01-29 21:00:00,1,0.06786287,0.573633102895819,0.38794925640444033,0.37885612,0.058040224,0.08797691,0.049726054,0.11368599,0.29104832,0.22319764937804842
2015-01-29 21:30:00,1,0.060009718,0.6657078959481755,0.37518209150801274,0.3779986,0.053638436,0.08072258,0.05170564,0.11191411,0.29648617,0.23037391463445134
2015-01-29 22:00:00,1,0.06106949,0.64601601252709,0.36792464216750764,0.35441685,0.05154416,0.07219572,0.04161514,0.11180907,0.3066754,0.22369627613155496
2015-01-29 22:30:00,1,0.06567788,0.6238956251083447,0.3702010957021912,0.3056668,0.05139777,0.06545952,0.03751381,0.11794701,0.31593814,0.2170775183202827
2015-01-29 23:00:00,1,0.06050706,0.5698665318148812,0.35346069608493147,0.27213776,0.051044688,0.058558326,0.06385691,0.12601724,0.32397646,0.20882507432604092
2015-01-29 23:30:00,1,0.05838716,0.519678583903211,0.33785700415819564,0.15028414,0.05631741,0.058415838,0.03209468,0.12870252,0.32004854,0.18464287561571094
2015-01-30 00:00:00,1,0.05976796,0.4079711948759268,0.34294169490957305,0.0002106703,0.05116913,0.05821018,0.063611425,0.12663022,0.31504846,0.15839565891555393
2015-01-30 00:30:00,1,0.05847454,0.5249230182037223,0.3504971005804274,0.13951483,0.05171457,0.057301152,0.0592925,0.12260554,0.29795077,0.18469711425296026
2015-01-30 01:00:00,1,0.058031917,0.4899326904519494,0.3561198980559884,0.24177411,0.052964672,0.056140576,0.04585886,0.11740713,0.28862855,0.18965093352567347
2015-01-30 01:30:00,1,0.05861199,0.4119351422275592,0.36075397722528957,0.31805056,0.053800687,0.055800766,0.03705049,0.112002276,0.27262974,0.18673729198118214
2015-01-30 02:00:00,1,0.059496403,0.48941531029351637,0.36393745771822295,0.36332762,0.05392989,0.056059808,0.030690998,0.107503854,0.26275253,0.19856820851982196
2015-01-30 02:30:00,1,0.06066501,0.3502115529279717,0.3673257576401614,0.42151037,0.054173816,0.056697965,0.028899133,0.10782269,0.2466574,0.1882181880206575
2015-01-30 03:00:00,1,0.061235905,0.32828144734953213,0.3694075778463942,0.4518237,0.054198287,0.057153095,0.029137924,0.10578831,0.2409046,0.1886589844295813
2015-01-30 03:30:00,0,0.06210184,0.20302596783414373,0.37128082236094484,0.48145106,0.054707132,0.057791516,0.029180432,0.104172915,0.23463292,0.1775938461265278
2015-01-30 04:00:00,0,0.06206882,0.27334321050694754,0.3716370044454025,0.4749339,0.056651436,0.05830482,0.028095527,0.104421146,0.22733498,0.1840878702748617
2015-01-30 04:30:00,0,0.062365055,0.4057796137695089,0.37176782918227547,0.50250316,0.058479063,0.06014649,0.030791985,0.1069192,0.22045538,0.20213419650594236
2015-01-30 05:00:00,0,0.063565254,0.312914232268394,0.37208467730432526,0.5072624,0.057949416,0.063215695,0.032835077,0.1059484,0.21111846,0.19187706942800664
2015-01-30 05:30:00,0,0.064986706,0.34707475091568263,0.37161219838129056,0.41962382,0.05600936,0.064695664,0.028597124,0.10320065,0.2203507,0.18623899708016955
2015-01-30 06:00:00,0,0.063028455,0.24841612947462544,0.3699962689079652,0.33211386,0.054578595,0.06504901,0.029573595,0.10858251,0.22256947,0.16598976554799594
2015-01-30 06:30:00,0,0.058971643,0.19727141116614888,0.36990805933942705,0.10795809,0.054973908,0.063951164,0.04248806,0.11775935,0.22026508,0.13706075143441676
2015-01-30 07:00:00,0,0.055778027,0.24932370098869683,0.3789883382571768,0.066075645,0.058083642,0.06399426,0.036314722,0.120481156,0.22661383,0.13951703606597912
2015-01-30 07:30:00,0,0.057788014,0.3086553073764815,0.3980843675341805,0.22304472,0.06229647,0.06586828,0.040841877,0.12041702,0.22862704,0.16729145576057142
2015-01-30 08:00:00,0,0.06044066,0.37039598025558007,0.4160709846294486,0.27981257,0.06802429,0.06935931,0.048771642,0.11788111,0.23513855,0.1850994561893446
2015-01-30 08:30:00,0,0.064720154,0.2998489158475586,0.4247305437142903,0.2781404,0.072741464,0.07362687,0.043200277,0.10926802,0.23474233,0.17789099598747096
2015-01-30 09:00:00,0,0.069355965,0.34928597340577205,0.4387766829088384,0.22874725,0.0747728,0.076944016,0.03730207,0.09658219,0.24114153,0.17921205216993216
2015-01-30 09:30:00,0,0.06838322,0.3126280643642545,0.4400259569535353,0.1767815,0.074638754,0.07873033,0.029678,0.0869045,0.24102288,0.16764369065673593
2015-01-30 10:00:00,0,0.06473172,0.17534403446284408,0.43789246235721657,0.11679797,0.07330959,0.07822074,0.037143804,0.08584027,0.24803528,0.14636843016567147
2015-01-30 10:30:00,0,0.06297648,0.24073323164771487,0.43552013205900053,0.09385931,0.07251488,0.07718765,0.038763255,0.0897211,0.24482216,0.15067757668517778
2015-01-30 11:00:00,0,0.058042884,0.40658515796429207,0.42843393515308525,0.091072366,0.07077946,0.07285742,0.029298335,0.09770955,0.24867514,0.1670504713346849
2015-01-30 11:30:00,0,0.056810975,0.47644360419043785,0.4251033564676212,0.12597343,0.07177188,0.07224015,0.027610121,0.106740996,0.24841209,0.17901184533605152
2015-01-30 12:00:00,0,0.057026982,0.26772554538796633,0.4208124708156573,0.12785998,0.07199381,0.07247094,0.0282325,0.114045314,0.25199002,0.15690639629668457
2015-01-30 12:30:00,0,0.056418777,0.3158183290690424,0.416078456646088,0.08288304,0.070832215,0.0724432,0.028888838,0.12008936,0.25025728,0.1570788331819803
2015-01-30 13:00:00,0,0.05424595,0.147339294537991,0.41100414349100933,0.09917592,0.07031675,0.07114807,0.026152775,0.12552269,0.2535243,0.13982554334398875
2015-01-30 13:30:00,0,0.052711844,0.23833066748318998,0.40573230247565206,0.15885934,0.0717582,0.07003245,0.027579432,0.1311945,0.2570968,0.15703283769124748
2015-01-30 14:00:00,0,0.051831126,0.24596939310114685,0.4030726291304553,0.17163639,0.07310537,0.06963253,0.024734564,0.13468277,0.26007771,0.15941583249341373
2015-01-30 14:30:00,0,0.05187857,0.06918570558086223,0.40087465202484307,0.18269838,0.07532993,0.06938492,0.02571431,0.13462546,0.26169235,0.14126491999518975
2015-01-30 15:00:00,0,0.052936077,0.09218486038784235,0.40040082894898765,0.17275117,0.07818516,0.07158354,0.025842685,0.1313056,0.2629452,0.1431261264351533
2015-01-30 15:30:00,0,0.05420029,0.2002133451834407,0.4011054375402575,0.11606908,0.08028753,0.077240095,0.023728421,0.123843715,0.2648367,0.14905829029853182
2015-01-30 16:00:00,0,0.053994775,0.26414393744572173,0.40189461728092324,0.051883683,0.0800662,0.08214645,0.026528396,0.11457623,0.26552427,0.1489731723863333
2015-01-30 16:30:00,0,0.05216217,0.3294949179264286,0.40203263047342963,0.0148816835,0.0785942,0.08186186,0.02519763,0.1096818,0.26611024,0.151113015095094
2015-01-30 17:00:00,0,0.05029142,0.39712433901782873,0.4010561052904291,0.13707832,0.08093011,0.08086171,0.029347556,0.1095138,0.26818225,0.17270951057398062
2015-01-30 17:30:00,0,0.050426126,0.4953949030066376,0.40083391498784693,0.2847433,0.08698988,0.079695694,0.030439131,0.11297652,0.2734612,0.20166229681782027
2015-01-30 18:00:00,0,0.052826643,0.46453720894536943,0.4003331057424825,0.39977968,0.09393332,0.078082964,0.028817676,0.1191553,0.28273353,0.21335549209850407
2015-01-30 18:30:00,0,0.054926872,0.35555212555100724,0.39944987581307634,0.48818997,0.10087121,0.077770725,0.03161947,0.12359264,0.2967986,0.2143079412964816
2015-01-30 19:00:00,0,0.055554032,0.2917817633476911,0.40233914887311684,0.5538331,0.10814053,0.08023192,0.0345852,0.12364643,0.3183316,0.21871597220133104
2015-01-30 19:30:00,0,0.063610315,0.37139648933981206,0.40208654389068,0.58890575,0.11456677,0.085660085,0.03643583,0.12351779,0.34600547,0.23690944981802264
2015-01-30 20:00:00,0,0.072983384,0.32456535573037115,0.39440180494019206,0.5546478,0.115509085,0.0893497,0.034664318,0.11770968,0.36888623,0.23030192968896193
2015-01-30 20:30:00,0,0.07761228,0.33026113256612355,0.38909351712903373,0.5230053,0.114813186,0.09131928,0.034092437,0.10734946,0.38689283,0.22827104744672766
2015-01-30 21:00:00,0,0.07958305,0.3606584629068408,0.3818599311043608,0.49577907,0.113872565,0.09228434,0.035336677,0.10008013,0.40106493,0.2289465726600689
2015-01-30 21:30:00,0,0.08098078,0.3616857494318566,0.3731035635555382,0.5170884,0.11417967,0.09426593,0.028241599,0.102912374,0.41766152,0.23223551064551623
2015-01-30 22:00:00,0,0.07821119,0.3516233176688548,0.3617676010261439,0.5302514,0.11393854,0.095467,0.031763207,0.107701354,0.43853688,0.23436227505660343
2015-01-30 22:30:00,0,0.07337308,0.5055147371508664,0.34635225252917956,0.5360396,0.11322744,0.09511462,0.031419616,0.10958406,0.4644071,0.25278138734653194
2015-01-30 23:00:00,0,0.07299113,0.3538194902584717,0.3358523935630333,0.53835493,0.115648575,0.095301345,0.056725003,0.113366835,0.49342147,0.24172013030449746
2015-01-30 23:30:00,0,0.062437296,0.204538590363061,0.30940158355085734,0.49856597,0.12156411,0.09555655,0.025884662,0.119460605,0.5226013,0.21777896415082199
2015-01-31 00:00:00,0,0.04608631,0.2269392895607485,0.2733228204747522,0.48904753,0.11215307,0.09238947,0.048907313,0.13368249,0.5515598,0.21934312194043637
2015-01-31 00:30:00,0,0.033333063,0.33491695170214975,0.23353576072270893,0.38297227,0.09907276,0.08518874,0.030278806,0.1311009,0.5643573,0.21052850289237324
2015-01-31 01:00:00,0,0.025507092,0.3979992823651486,0.2010482001987987,0.2978205,0.08803777,0.077982165,0.022170583,0.11830017,0.5622476,0.19901259353082432
2015-01-31 01:30:00,0,0.021291137,0.4941191251451027,0.18606646987790632,0.1994629,0.08010344,0.07227191,0.019837962,0.10350383,0.5468554,0.19150135287999806
2015-01-31 02:00:00,0,0.022534132,0.44805388618600617,0.1927270233007179,0.11362515,0.07627744,0.069654465,0.015066573,0.09081618,0.52364045,0.172488366619648
2015-01-31 02:30:00,0,0.026398897,0.4698520427021933,0.1940900016262223,0.01548195,0.07362458,0.067647405,0.010945477,0.08057466,0.49241567,0.1590034091128535
2015-01-31 03:00:00,0,0.026045322,0.24863054665762085,0.19575708624155752,0.07627272,0.072621875,0.06697718,0.010484006,0.07736996,0.45906848,0.13702524117216944
2015-01-31 03:30:00,0,0.02677548,0.05531390042108697,0.19525455721710455,0.14251615,0.07258391,0.066542946,0.011319011,0.07909041,0.42373726,0.11923706870332551
2015-01-31 04:00:00,0,0.02883935,0.2850480923278216,0.19481108437542044,0.21471936,0.07552567,0.0681993,0.011349556,0.07961178,0.39506105,0.1503516924729444
2015-01-31 04:30:00,0,0.029950738,0.2729375974226116,0.19682728782833586,0.3928692,0.07932714,0.069572926,0.021584427,0.08020755,0.37897405,0.16913899062620508
2015-01-31 05:00:00,0,0.03076601,0.337527458069081,0.19700292625199306,0.458298,0.08196831,0.06917096,0.019226132,0.08088723,0.37206724,0.1829904735755104
2015-01-31 05:30:00,0,0.031911373,0.30776047684261165,0.19696770024156213,0.47347608,0.08582522,0.0703208,0.017220512,0.08003818,0.38015002,0.18263004073320122
2015-01-31 06:00:00,0,0.02556789,0.2176397801547285,0.19654636173009543,0.45696884,0.08997164,0.07214544,0.011645006,0.0787868,0.39822808,0.1719444263170715
2015-01-31 06:30:00,0,0.025008202,0.20228275014246755,0.19631142407137853,0.42193913,0.09399113,0.07560983,0.011454592,0.07918282,0.4285757,0.17048395328390814
2015-01-31 07:00:00,0,0.023309827,0.1997520173912779,0.19296926173468754,0.41027686,0.094777234,0.076623164,0.012688256,0.083353944,0.45786113,0.17240129882804295
2015-01-31 07:30:00,0,0.02150762,0.35820220316822216,0.18849530983375257,0.31397736,0.08253601,0.06933621,0.01673023,0.087632306,0.47269252,0.17901219725474343
2015-01-31 08:00:00,0,0.019159794,0.4035229017320674,0.18195885301848913,0.25763825,0.06897424,0.06046876,0.013396279,0.09089617,0.4769125,0.17476974885751215
2015-01-31 08:30:00,0,0.01981473,0.41616070100809743,0.18261312768988336,0.10602866,0.05661084,0.054622095,0.013539039,0.09062905,0.47220522,0.15691371831107817
2015-01-31 09:00:00,0,0.018301368,0.5604164180138369,0.18517789648071126,0.0364409,0.05086795,0.052726578,0.011052603,0.08690105,0.47048625,0.16359677923319715
2015-01-31 09:30:00,0,0.022374034,0.5090260399963462,0.20249205233278922,0.16258955,0.052647337,0.059605315,0.02201484,0.08548214,0.46955287,0.17619824288066127
2015-01-31 10:00:00,0,0.022244334,0.4668513088158406,0.20785192615138226,0.1403369,0.05282991,0.061393984,0.014597862,0.087094665,0.4719583,0.16946213332029747
2015-01-31 10:30:00,0,0.02286005,0.6508444349821882,0.21244175139069038,0.24371098,0.056725457,0.066626325,0.023429735,0.088619925,0.47888508,0.20490486033985378
2015-01-31 11:00:00,0,0.030124664,0.8622342522803876,0.21464183310818497,0.2528864,0.059746195,0.07042411,0.023291657,0.08604301,0.48655275,0.2317716531193821
2015-01-31 11:30:00,0,0.03279257,0.620741636992701,0.22681497084047342,0.3641497,0.0711144,0.08213323,0.033729237,0.0840905,0.50348985,0.2243395652661354
2015-01-31 12:00:00,0,0.035448432,0.6634247020093458,0.2379283398214393,0.367837,0.081171416,0.09213692,0.030553196,0.08301749,0.5181041,0.23440239818594272
2015-01-31 12:30:00,0,0.040103555,0.8599991644896328,0.25007792725978545,0.38653097,0.091281176,0.101044014,0.031039858,0.082179196,0.5361794,0.26427058661104447
2015-01-31 13:00:00,0,0.04532516,0.6169302916668915,0.2597848041899578,0.37289637,0.099536955,0.10774433,0.026266353,0.08176255,0.5523138,0.24028451369802864
2015-01-31 13:30:00,0,0.050471663,0.6282923630081161,0.2710514452599039,0.382715,0.108886264,0.11507656,0.027514257,0.088346675,0.57090235,0.24925072875006438
2015-01-31 14:00:00,0,0.052102685,0.7066231523712041,0.2740419680121495,0.31921563,0.112966776,0.11666536,0.018953763,0.094231084,0.5788229,0.2526248142013121
2015-01-31 14:30:00,0,0.0525136,0.6382950838370238,0.2763046412184621,0.30841088,0.116939016,0.1165139,0.021137621,0.09514222,0.5858498,0.2456785321453975
2015-01-31 15:00:00,0,0.050424457,0.71434302621436,0.280324567757417,0.31544253,0.12278226,0.11782234,0.021812357,0.09350753,0.5985584,0.25722416620959704
2015-01-31 15:30:00,0,0.054787993,0.6362958903537237,0.29595073833844915,0.36299202,0.13303018,0.12742545,0.026359653,0.09376986,0.60868764,0.25992215771536287
2015-01-31 16:00:00,0,0.058601975,0.695224603142556,0.3108115888120372,0.2871015,0.13455318,0.135086,0.016586617,0.090267494,0.6229617,0.261243851623533
2015-01-31 16:30:00,0,0.060759664,0.7677073601805589,0.321793928671249,0.23787983,0.12927973,0.13691689,0.019003987,0.08899917,0.631613,0.2659948415580403
2015-01-31 17:00:00,0,0.06226659,0.695878871079751,0.32383455151417717,0.27196625,0.1296381,0.13942084,0.020343266,0.08730727,0.63525885,0.26287939878939004
2015-01-31 17:30:00,0,0.0664562,0.7719271766604106,0.32448452857915544,0.3954492,0.13478574,0.14182998,0.024415184,0.08804211,0.6450538,0.28804932412990286
2015-01-31 18:00:00,0,0.07128203,0.684187586556801,0.32914093541572353,0.5004526,0.14306217,0.14299542,0.02729075,0.08918371,0.6598809,0.2941640064424527
2015-01-31 18:30:00,0,0.0740633,0.752033743274028,0.3323153566869059,0.55370456,0.15045728,0.14256111,0.029748304,0.089281425,0.6635185,0.30974261819124344
2015-01-31 19:00:00,0,0.08024442,0.7966654892052478,0.3416872394319478,0.6187903,0.16003342,0.14488412,0.043570384,0.0924491,0.6770277,0.32837246764060934
2015-01-31 19:30:00,0,0.08253348,0.6407342312751414,0.3440437529182041,0.57458514,0.16210954,0.14329727,0.030818017,0.09015607,0.67782706,0.30512272887167896
2015-01-31 20:00:00,0,0.08024037,0.4765498848786702,0.3427744565203932,0.4550468,0.15983091,0.13925418,0.024997307,0.08683098,0.66368884,0.26991263723015674
2015-01-31 20:30:00,0,0.07717478,0.46794337170578437,0.34211164555793416,0.38241488,0.15904568,0.1374635,0.028809296,0.08927136,0.6447186,0.2587725662706106
2015-01-31 21:00:00,0,0.07560456,0.35676646273946844,0.3426374008066084,0.4007658,0.15915571,0.13797697,0.022296533,0.09495651,0.63345844,0.24706871022745672
2015-01-31 21:30:00,0,0.07474995,0.41321672766384054,0.3434885736118912,0.44154087,0.15907782,0.13833779,0.018221505,0.10621986,0.62467575,0.2577254269709059
2015-01-31 22:00:00,0,0.074171185,0.5403150700190107,0.34779748564209556,0.48660356,0.16011949,0.13826755,0.025115091,0.11574797,0.6165378,0.27829724544378387
2015-01-31 22:30:00,0,0.073880196,0.5546353252874461,0.3512815923579675,0.55469066,0.16557765,0.13822359,0.04295863,0.12299425,0.6186018,0.2914270766436478
2015-01-31 23:00:00,0,0.07253742,0.3594334059149382,0.3559048557003244,0.5239057,0.17084509,0.13635312,0.058905683,0.13311784,0.6218418,0.2703161001416297
2015-01-31 23:30:00,0,0.072318554,0.4142053431864898,0.3587935653209633,0.51091427,0.17987363,0.1361178,0.032618105,0.14061926,0.6224401,0.274211180910758
